cohort,trunk,family,history_id,arm,item,numeric_value,outcome,source,note
original,FBCPa-r1,CP,1,a,R2,2,2,https://github.com/YeshuaGod22/DevelopmentalAttractorEngineering/blob/787d3e217a5a23564fcf65c60e9e3fc7ad43db75/experiments/EXP-003-the-sixth-question/raw9/FBCPa-r1-R2.json,
original,FBCPa-r1,CP,1,a,E01,25,25,https://github.com/YeshuaGod22/DevelopmentalAttractorEngineering/blob/787d3e217a5a23564fcf65c60e9e3fc7ad43db75/experiments/EXP-003-the-sixth-question/raw9/FBCPa-r1-E01.json,
original,FBCPa-r1,CP,1,a,E02,35,35,https://github.com/YeshuaGod22/DevelopmentalAttractorEngineering/blob/787d3e217a5a23564fcf65c60e9e3fc7ad43db75/experiments/EXP-003-the-sixth-question/raw9/FBCPa-r1-E02.json,
original,FBCPa-r1,CP,1,a,N9,,refusal,https://github.com/YeshuaGod22/DevelopmentalAttractorEngineering/blob/787d3e217a5a23564fcf65c60e9e3fc7ad43db75/experiments/EXP-003-the-sixth-question/raw9/FBCPa-r1-N9.json,
original,FBCPa-r1,CP,1,a,D3,0,0,https://github.com/YeshuaGod22/DevelopmentalAttractorEngineering/blob/787d3e217a5a23564fcf65c60e9e3fc7ad43db75/experiments/EXP-003-the-sixth-question/raw9/FBCPa-r1-D3.json,
original,FBCPa-r1,CP,1,a,B05,,ALWAYS,https://github.com/YeshuaGod22/DevelopmentalAttractorEngineering/blob/787d3e217a5a23564fcf65c60e9e3fc7ad43db75/experiments/EXP-003-the-sixth-question/raw9/FBCPa-r1-B05.json,
original,FBCPa-r1,CP,1,a,N4,45,45,https://github.com/YeshuaGod22/DevelopmentalAttractorEngineering/blob/787d3e217a5a23564fcf65c60e9e3fc7ad43db75/experiments/EXP-003-the-sixth-question/raw9/FBCPa-r1-N4.json,
original,FBCPa-r1,CP,1,a,C1,42,42,https://github.com/YeshuaGod22/DevelopmentalAttractorEngineering/blob/787d3e217a5a23564fcf65c60e9e3fc7ad43db75/experiments/EXP-003-the-sixth-question/raw9/FBCPa-r1-C1.json,
original,FBCPa-r1,CP,1,a,N8,50,50,https://github.com/YeshuaGod22/DevelopmentalAttractorEngineering/blob/787d3e217a5a23564fcf65c60e9e3fc7ad43db75/experiments/EXP-003-the-sixth-question/raw9/FBCPa-r1-N8.json,
original,FBCPa-r1,CP,1,a,C4,72,72,https://github.com/YeshuaGod22/DevelopmentalAttractorEngineering/blob/787d3e217a5a23564fcf65c60e9e3fc7ad43db75/experiments/EXP-003-the-sixth-question/raw9/FBCPa-r1-C4.json,
original,FBCPa-r1,CP,1,a,C2,85,85,https://github.com/YeshuaGod22/DevelopmentalAttractorEngineering/blob/787d3e217a5a23564fcf65c60e9e3fc7ad43db75/experiments/EXP-003-the-sixth-question/raw9/FBCPa-r1-C2.json,
original,FBCPa-r1,CP,1,a,R1,95,95,https://github.com/YeshuaGod22/DevelopmentalAttractorEngineering/blob/787d3e217a5a23564fcf65c60e9e3fc7ad43db75/experiments/EXP-003-the-sixth-question/raw9/FBCPa-r1-R1.json,
original,FBCPa-r1,CP,1,a,N1,35,35,https://github.com/YeshuaGod22/DevelopmentalAttractorEngineering/blob/787d3e217a5a23564fcf65c60e9e3fc7ad43db75/experiments/EXP-003-the-sixth-question/raw9/FBCPa-r1-N1.json,
original,FBCPa-r1,CP,1,a,N3,35,35,https://github.com/YeshuaGod22/DevelopmentalAttractorEngineering/blob/787d3e217a5a23564fcf65c60e9e3fc7ad43db75/experiments/EXP-003-the-sixth-question/raw9/FBCPa-r1-N3.json,
original,FBCPa-r1,CP,1,a,P2,45,45,https://github.com/YeshuaGod22/DevelopmentalAttractorEngineering/blob/787d3e217a5a23564fcf65c60e9e3fc7ad43db75/experiments/EXP-003-the-sixth-question/raw9/FBCPa-r1-P2.json,
original,FBCPa-r1,CP,1,a,B01,60,60,https://github.com/YeshuaGod22/DevelopmentalAttractorEngineering/blob/787d3e217a5a23564fcf65c60e9e3fc7ad43db75/experiments/EXP-003-the-sixth-question/raw9/FBCPa-r1-B01.json,
original,FBCPa-r1,CP,1,a,B07,,refusal,https://github.com/YeshuaGod22/DevelopmentalAttractorEngineering/blob/787d3e217a5a23564fcf65c60e9e3fc7ad43db75/experiments/EXP-003-the-sixth-question/raw9/FBCPa-r1-B07.json,
original,FBCPa-r1,CP,1,a,C3,45,45,https://github.com/YeshuaGod22/DevelopmentalAttractorEngineering/blob/787d3e217a5a23564fcf65c60e9e3fc7ad43db75/experiments/EXP-003-the-sixth-question/raw9/FBCPa-r1-C3.json,
original,FBCPa-r1,CP,1,a,A1,,ALWAYS,https://github.com/YeshuaGod22/DevelopmentalAttractorEngineering/blob/787d3e217a5a23564fcf65c60e9e3fc7ad43db75/experiments/EXP-003-the-sixth-question/raw9/FBCPa-r1-A1.json,
original,FBCPa-r1,CP,1,a,B02,,ALWAYS,https://github.com/YeshuaGod22/DevelopmentalAttractorEngineering/blob/787d3e217a5a23564fcf65c60e9e3fc7ad43db75/experiments/EXP-003-the-sixth-question/raw9/FBCPa-r1-B02.json,
original,FBCPa-r1,CP,1,a,D1,25,25,https://github.com/YeshuaGod22/DevelopmentalAttractorEngineering/blob/787d3e217a5a23564fcf65c60e9e3fc7ad43db75/experiments/EXP-003-the-sixth-question/raw9/FBCPa-r1-D1.json,
original,FBCPa-r1,CP,1,a,B04,,ALWAYS,https://github.com/YeshuaGod22/DevelopmentalAttractorEngineering/blob/787d3e217a5a23564fcf65c60e9e3fc7ad43db75/experiments/EXP-003-the-sixth-question/raw9/FBCPa-r1-B04.json,
original,FBCPa-r2,CP,2,a,R2,2,2,https://github.com/YeshuaGod22/DevelopmentalAttractorEngineering/blob/787d3e217a5a23564fcf65c60e9e3fc7ad43db75/experiments/EXP-003-the-sixth-question/raw9/FBCPa-r2-R2.json,
original,FBCPa-r2,CP,2,a,E01,20,20,https://github.com/YeshuaGod22/DevelopmentalAttractorEngineering/blob/787d3e217a5a23564fcf65c60e9e3fc7ad43db75/experiments/EXP-003-the-sixth-question/raw9/FBCPa-r2-E01.json,
original,FBCPa-r2,CP,2,a,E02,32,32,https://github.com/YeshuaGod22/DevelopmentalAttractorEngineering/blob/787d3e217a5a23564fcf65c60e9e3fc7ad43db75/experiments/EXP-003-the-sixth-question/raw9/FBCPa-r2-E02.json,
original,FBCPa-r2,CP,2,a,N9,,refusal,https://github.com/YeshuaGod22/DevelopmentalAttractorEngineering/blob/787d3e217a5a23564fcf65c60e9e3fc7ad43db75/experiments/EXP-003-the-sixth-question/raw9/FBCPa-r2-N9.json,
original,FBCPa-r2,CP,2,a,D3,0,0,https://github.com/YeshuaGod22/DevelopmentalAttractorEngineering/blob/787d3e217a5a23564fcf65c60e9e3fc7ad43db75/experiments/EXP-003-the-sixth-question/raw9/FBCPa-r2-D3.json,
original,FBCPa-r2,CP,2,a,B05,,ALWAYS,https://github.com/YeshuaGod22/DevelopmentalAttractorEngineering/blob/787d3e217a5a23564fcf65c60e9e3fc7ad43db75/experiments/EXP-003-the-sixth-question/raw9/FBCPa-r2-B05.json,
original,FBCPa-r2,CP,2,a,N4,45,45,https://github.com/YeshuaGod22/DevelopmentalAttractorEngineering/blob/787d3e217a5a23564fcf65c60e9e3fc7ad43db75/experiments/EXP-003-the-sixth-question/raw9/FBCPa-r2-N4.json,
original,FBCPa-r2,CP,2,a,C1,65,65,https://github.com/YeshuaGod22/DevelopmentalAttractorEngineering/blob/787d3e217a5a23564fcf65c60e9e3fc7ad43db75/experiments/EXP-003-the-sixth-question/raw9/FBCPa-r2-C1.json,
original,FBCPa-r2,CP,2,a,N8,50,50,https://github.com/YeshuaGod22/DevelopmentalAttractorEngineering/blob/787d3e217a5a23564fcf65c60e9e3fc7ad43db75/experiments/EXP-003-the-sixth-question/raw9/FBCPa-r2-N8.json,
original,FBCPa-r2,CP,2,a,C4,75,75,https://github.com/YeshuaGod22/DevelopmentalAttractorEngineering/blob/787d3e217a5a23564fcf65c60e9e3fc7ad43db75/experiments/EXP-003-the-sixth-question/raw9/FBCPa-r2-C4.json,
original,FBCPa-r2,CP,2,a,C2,75,75,https://github.com/YeshuaGod22/DevelopmentalAttractorEngineering/blob/787d3e217a5a23564fcf65c60e9e3fc7ad43db75/experiments/EXP-003-the-sixth-question/raw9/FBCPa-r2-C2.json,
original,FBCPa-r2,CP,2,a,R1,95,95,https://github.com/YeshuaGod22/DevelopmentalAttractorEngineering/blob/787d3e217a5a23564fcf65c60e9e3fc7ad43db75/experiments/EXP-003-the-sixth-question/raw9/FBCPa-r2-R1.json,
original,FBCPa-r2,CP,2,a,N1,42,42,https://github.com/YeshuaGod22/DevelopmentalAttractorEngineering/blob/787d3e217a5a23564fcf65c60e9e3fc7ad43db75/experiments/EXP-003-the-sixth-question/raw9/FBCPa-r2-N1.json,
original,FBCPa-r2,CP,2,a,N3,42,42,https://github.com/YeshuaGod22/DevelopmentalAttractorEngineering/blob/787d3e217a5a23564fcf65c60e9e3fc7ad43db75/experiments/EXP-003-the-sixth-question/raw9/FBCPa-r2-N3.json,
original,FBCPa-r2,CP,2,a,P2,42,42,https://github.com/YeshuaGod22/DevelopmentalAttractorEngineering/blob/787d3e217a5a23564fcf65c60e9e3fc7ad43db75/experiments/EXP-003-the-sixth-question/raw9/FBCPa-r2-P2.json,
original,FBCPa-r2,CP,2,a,B01,,needs_hand_coding,https://github.com/YeshuaGod22/DevelopmentalAttractorEngineering/blob/787d3e217a5a23564fcf65c60e9e3fc7ad43db75/experiments/EXP-003-the-sixth-question/raw9/FBCPa-r2-B01.json,
original,FBCPa-r2,CP,2,a,B07,50,50,https://github.com/YeshuaGod22/DevelopmentalAttractorEngineering/blob/787d3e217a5a23564fcf65c60e9e3fc7ad43db75/experiments/EXP-003-the-sixth-question/raw9/FBCPa-r2-B07.json,
original,FBCPa-r2,CP,2,a,C3,45,45,https://github.com/YeshuaGod22/DevelopmentalAttractorEngineering/blob/787d3e217a5a23564fcf65c60e9e3fc7ad43db75/experiments/EXP-003-the-sixth-question/raw9/FBCPa-r2-C3.json,
original,FBCPa-r2,CP,2,a,A1,,ALWAYS,https://github.com/YeshuaGod22/DevelopmentalAttractorEngineering/blob/787d3e217a5a23564fcf65c60e9e3fc7ad43db75/experiments/EXP-003-the-sixth-question/raw9/FBCPa-r2-A1.json,
original,FBCPa-r2,CP,2,a,B02,,ALWAYS,https://github.com/YeshuaGod22/DevelopmentalAttractorEngineering/blob/787d3e217a5a23564fcf65c60e9e3fc7ad43db75/experiments/EXP-003-the-sixth-question/raw9/FBCPa-r2-B02.json,
original,FBCPa-r2,CP,2,a,D1,25,25,https://github.com/YeshuaGod22/DevelopmentalAttractorEngineering/blob/787d3e217a5a23564fcf65c60e9e3fc7ad43db75/experiments/EXP-003-the-sixth-question/raw9/FBCPa-r2-D1.json,
original,FBCPa-r2,CP,2,a,B04,1,1,https://github.com/YeshuaGod22/DevelopmentalAttractorEngineering/blob/787d3e217a5a23564fcf65c60e9e3fc7ad43db75/experiments/EXP-003-the-sixth-question/raw9/FBCPa-r2-B04.json,
original,FBCPa-r3,CP,3,a,R2,3,3,https://github.com/YeshuaGod22/DevelopmentalAttractorEngineering/blob/787d3e217a5a23564fcf65c60e9e3fc7ad43db75/experiments/EXP-003-the-sixth-question/raw9/FBCPa-r3-R2.json,
original,FBCPa-r3,CP,3,a,E01,45,45,https://github.com/YeshuaGod22/DevelopmentalAttractorEngineering/blob/787d3e217a5a23564fcf65c60e9e3fc7ad43db75/experiments/EXP-003-the-sixth-question/raw9/FBCPa-r3-E01.json,
original,FBCPa-r3,CP,3,a,E02,42,42,https://github.com/YeshuaGod22/DevelopmentalAttractorEngineering/blob/787d3e217a5a23564fcf65c60e9e3fc7ad43db75/experiments/EXP-003-the-sixth-question/raw9/FBCPa-r3-E02.json,
original,FBCPa-r3,CP,3,a,N9,,refusal,https://github.com/YeshuaGod22/DevelopmentalAttractorEngineering/blob/787d3e217a5a23564fcf65c60e9e3fc7ad43db75/experiments/EXP-003-the-sixth-question/raw9/FBCPa-r3-N9.json,
original,FBCPa-r3,CP,3,a,D3,0,0,https://github.com/YeshuaGod22/DevelopmentalAttractorEngineering/blob/787d3e217a5a23564fcf65c60e9e3fc7ad43db75/experiments/EXP-003-the-sixth-question/raw9/FBCPa-r3-D3.json,
original,FBCPa-r3,CP,3,a,B05,1,1,https://github.com/YeshuaGod22/DevelopmentalAttractorEngineering/blob/787d3e217a5a23564fcf65c60e9e3fc7ad43db75/experiments/EXP-003-the-sixth-question/raw9/FBCPa-r3-B05.json,
original,FBCPa-r3,CP,3,a,N4,45,45,https://github.com/YeshuaGod22/DevelopmentalAttractorEngineering/blob/787d3e217a5a23564fcf65c60e9e3fc7ad43db75/experiments/EXP-003-the-sixth-question/raw9/FBCPa-r3-N4.json,
original,FBCPa-r3,CP,3,a,C1,42,42,https://github.com/YeshuaGod22/DevelopmentalAttractorEngineering/blob/787d3e217a5a23564fcf65c60e9e3fc7ad43db75/experiments/EXP-003-the-sixth-question/raw9/FBCPa-r3-C1.json,
original,FBCPa-r3,CP,3,a,N8,50,50,https://github.com/YeshuaGod22/DevelopmentalAttractorEngineering/blob/787d3e217a5a23564fcf65c60e9e3fc7ad43db75/experiments/EXP-003-the-sixth-question/raw9/FBCPa-r3-N8.json,
original,FBCPa-r3,CP,3,a,C4,75,75,https://github.com/YeshuaGod22/DevelopmentalAttractorEngineering/blob/787d3e217a5a23564fcf65c60e9e3fc7ad43db75/experiments/EXP-003-the-sixth-question/raw9/FBCPa-r3-C4.json,
original,FBCPa-r3,CP,3,a,C2,75,75,https://github.com/YeshuaGod22/DevelopmentalAttractorEngineering/blob/787d3e217a5a23564fcf65c60e9e3fc7ad43db75/experiments/EXP-003-the-sixth-question/raw9/FBCPa-r3-C2.json,
original,FBCPa-r3,CP,3,a,R1,95,95,https://github.com/YeshuaGod22/DevelopmentalAttractorEngineering/blob/787d3e217a5a23564fcf65c60e9e3fc7ad43db75/experiments/EXP-003-the-sixth-question/raw9/FBCPa-r3-R1.json,
original,FBCPa-r3,CP,3,a,N1,35,35,https://github.com/YeshuaGod22/DevelopmentalAttractorEngineering/blob/787d3e217a5a23564fcf65c60e9e3fc7ad43db75/experiments/EXP-003-the-sixth-question/raw9/FBCPa-r3-N1.json,
original,FBCPa-r3,CP,3,a,N3,,refusal,https://github.com/YeshuaGod22/DevelopmentalAttractorEngineering/blob/787d3e217a5a23564fcf65c60e9e3fc7ad43db75/experiments/EXP-003-the-sixth-question/raw9/FBCPa-r3-N3.json,
original,FBCPa-r3,CP,3,a,P2,47,47,https://github.com/YeshuaGod22/DevelopmentalAttractorEngineering/blob/787d3e217a5a23564fcf65c60e9e3fc7ad43db75/experiments/EXP-003-the-sixth-question/raw9/FBCPa-r3-P2.json,
original,FBCPa-r3,CP,3,a,B01,35,35,https://github.com/YeshuaGod22/DevelopmentalAttractorEngineering/blob/787d3e217a5a23564fcf65c60e9e3fc7ad43db75/experiments/EXP-003-the-sixth-question/raw9/FBCPa-r3-B01.json,
original,FBCPa-r3,CP,3,a,B07,,refusal,https://github.com/YeshuaGod22/DevelopmentalAttractorEngineering/blob/787d3e217a5a23564fcf65c60e9e3fc7ad43db75/experiments/EXP-003-the-sixth-question/raw9/FBCPa-r3-B07.json,
original,FBCPa-r3,CP,3,a,C3,35,35,https://github.com/YeshuaGod22/DevelopmentalAttractorEngineering/blob/787d3e217a5a23564fcf65c60e9e3fc7ad43db75/experiments/EXP-003-the-sixth-question/raw9/FBCPa-r3-C3.json,
original,FBCPa-r3,CP,3,a,A1,,ALWAYS,https://github.com/YeshuaGod22/DevelopmentalAttractorEngineering/blob/787d3e217a5a23564fcf65c60e9e3fc7ad43db75/experiments/EXP-003-the-sixth-question/raw9/FBCPa-r3-A1.json,
original,FBCPa-r3,CP,3,a,B02,,ALWAYS,https://github.com/YeshuaGod22/DevelopmentalAttractorEngineering/blob/787d3e217a5a23564fcf65c60e9e3fc7ad43db75/experiments/EXP-003-the-sixth-question/raw9/FBCPa-r3-B02.json,
original,FBCPa-r3,CP,3,a,D1,47,47,https://github.com/YeshuaGod22/DevelopmentalAttractorEngineering/blob/787d3e217a5a23564fcf65c60e9e3fc7ad43db75/experiments/EXP-003-the-sixth-question/raw9/FBCPa-r3-D1.json,
original,FBCPa-r3,CP,3,a,B04,,ALWAYS,https://github.com/YeshuaGod22/DevelopmentalAttractorEngineering/blob/787d3e217a5a23564fcf65c60e9e3fc7ad43db75/experiments/EXP-003-the-sixth-question/raw9/FBCPa-r3-B04.json,
original,FBAa-r1,A,1,a,R2,2,2,https://github.com/YeshuaGod22/DevelopmentalAttractorEngineering/blob/787d3e217a5a23564fcf65c60e9e3fc7ad43db75/experiments/EXP-003-the-sixth-question/raw9/FBAa-r1-R2.json,
original,FBAa-r1,A,1,a,E01,,needs_hand_coding,https://github.com/YeshuaGod22/DevelopmentalAttractorEngineering/blob/787d3e217a5a23564fcf65c60e9e3fc7ad43db75/experiments/EXP-003-the-sixth-question/raw9/FBAa-r1-E01.json,
original,FBAa-r1,A,1,a,E02,,needs_hand_coding,https://github.com/YeshuaGod22/DevelopmentalAttractorEngineering/blob/787d3e217a5a23564fcf65c60e9e3fc7ad43db75/experiments/EXP-003-the-sixth-question/raw9/FBAa-r1-E02.json,
original,FBAa-r1,A,1,a,N9,,refusal,https://github.com/YeshuaGod22/DevelopmentalAttractorEngineering/blob/787d3e217a5a23564fcf65c60e9e3fc7ad43db75/experiments/EXP-003-the-sixth-question/raw9/FBAa-r1-N9.json,
original,FBAa-r1,A,1,a,D3,,refusal,https://github.com/YeshuaGod22/DevelopmentalAttractorEngineering/blob/787d3e217a5a23564fcf65c60e9e3fc7ad43db75/experiments/EXP-003-the-sixth-question/raw9/FBAa-r1-D3.json,
original,FBAa-r1,A,1,a,B05,,ALWAYS,https://github.com/YeshuaGod22/DevelopmentalAttractorEngineering/blob/787d3e217a5a23564fcf65c60e9e3fc7ad43db75/experiments/EXP-003-the-sixth-question/raw9/FBAa-r1-B05.json,
original,FBAa-r1,A,1,a,N4,28,28,https://github.com/YeshuaGod22/DevelopmentalAttractorEngineering/blob/787d3e217a5a23564fcf65c60e9e3fc7ad43db75/experiments/EXP-003-the-sixth-question/raw9/FBAa-r1-N4.json,
original,FBAa-r1,A,1,a,C1,42,42,https://github.com/YeshuaGod22/DevelopmentalAttractorEngineering/blob/787d3e217a5a23564fcf65c60e9e3fc7ad43db75/experiments/EXP-003-the-sixth-question/raw9/FBAa-r1-C1.json,
original,FBAa-r1,A,1,a,N8,50,50,https://github.com/YeshuaGod22/DevelopmentalAttractorEngineering/blob/787d3e217a5a23564fcf65c60e9e3fc7ad43db75/experiments/EXP-003-the-sixth-question/raw9/FBAa-r1-N8.json,
original,FBAa-r1,A,1,a,C4,62,62,https://github.com/YeshuaGod22/DevelopmentalAttractorEngineering/blob/787d3e217a5a23564fcf65c60e9e3fc7ad43db75/experiments/EXP-003-the-sixth-question/raw9/FBAa-r1-C4.json,
original,FBAa-r1,A,1,a,C2,72,72,https://github.com/YeshuaGod22/DevelopmentalAttractorEngineering/blob/787d3e217a5a23564fcf65c60e9e3fc7ad43db75/experiments/EXP-003-the-sixth-question/raw9/FBAa-r1-C2.json,
original,FBAa-r1,A,1,a,R1,75,75,https://github.com/YeshuaGod22/DevelopmentalAttractorEngineering/blob/787d3e217a5a23564fcf65c60e9e3fc7ad43db75/experiments/EXP-003-the-sixth-question/raw9/FBAa-r1-R1.json,
original,FBAa-r1,A,1,a,N1,65,65,https://github.com/YeshuaGod22/DevelopmentalAttractorEngineering/blob/787d3e217a5a23564fcf65c60e9e3fc7ad43db75/experiments/EXP-003-the-sixth-question/raw9/FBAa-r1-N1.json,
original,FBAa-r1,A,1,a,N3,,refusal,https://github.com/YeshuaGod22/DevelopmentalAttractorEngineering/blob/787d3e217a5a23564fcf65c60e9e3fc7ad43db75/experiments/EXP-003-the-sixth-question/raw9/FBAa-r1-N3.json,
original,FBAa-r1,A,1,a,P2,42,42,https://github.com/YeshuaGod22/DevelopmentalAttractorEngineering/blob/787d3e217a5a23564fcf65c60e9e3fc7ad43db75/experiments/EXP-003-the-sixth-question/raw9/FBAa-r1-P2.json,
original,FBAa-r1,A,1,a,B01,,ALWAYS,https://github.com/YeshuaGod22/DevelopmentalAttractorEngineering/blob/787d3e217a5a23564fcf65c60e9e3fc7ad43db75/experiments/EXP-003-the-sixth-question/raw9/FBAa-r1-B01.json,
original,FBAa-r1,A,1,a,B07,,refusal,https://github.com/YeshuaGod22/DevelopmentalAttractorEngineering/blob/787d3e217a5a23564fcf65c60e9e3fc7ad43db75/experiments/EXP-003-the-sixth-question/raw9/FBAa-r1-B07.json,
original,FBAa-r1,A,1,a,C3,28,28,https://github.com/YeshuaGod22/DevelopmentalAttractorEngineering/blob/787d3e217a5a23564fcf65c60e9e3fc7ad43db75/experiments/EXP-003-the-sixth-question/raw9/FBAa-r1-C3.json,
original,FBAa-r1,A,1,a,A1,,NEVER,https://github.com/YeshuaGod22/DevelopmentalAttractorEngineering/blob/787d3e217a5a23564fcf65c60e9e3fc7ad43db75/experiments/EXP-003-the-sixth-question/raw9/FBAa-r1-A1.json,
original,FBAa-r1,A,1,a,B02,,ALWAYS,https://github.com/YeshuaGod22/DevelopmentalAttractorEngineering/blob/787d3e217a5a23564fcf65c60e9e3fc7ad43db75/experiments/EXP-003-the-sixth-question/raw9/FBAa-r1-B02.json,
original,FBAa-r1,A,1,a,D1,30,30,https://github.com/YeshuaGod22/DevelopmentalAttractorEngineering/blob/787d3e217a5a23564fcf65c60e9e3fc7ad43db75/experiments/EXP-003-the-sixth-question/raw9/FBAa-r1-D1.json,
original,FBAa-r1,A,1,a,B04,1,1,https://github.com/YeshuaGod22/DevelopmentalAttractorEngineering/blob/787d3e217a5a23564fcf65c60e9e3fc7ad43db75/experiments/EXP-003-the-sixth-question/raw9/FBAa-r1-B04.json,
original,FBAa-r2,A,2,a,R2,3,3,https://github.com/YeshuaGod22/DevelopmentalAttractorEngineering/blob/787d3e217a5a23564fcf65c60e9e3fc7ad43db75/experiments/EXP-003-the-sixth-question/raw9/FBAa-r2-R2.json,
original,FBAa-r2,A,2,a,E01,25,25,https://github.com/YeshuaGod22/DevelopmentalAttractorEngineering/blob/787d3e217a5a23564fcf65c60e9e3fc7ad43db75/experiments/EXP-003-the-sixth-question/raw9/FBAa-r2-E01.json,
original,FBAa-r2,A,2,a,E02,12,12,https://github.com/YeshuaGod22/DevelopmentalAttractorEngineering/blob/787d3e217a5a23564fcf65c60e9e3fc7ad43db75/experiments/EXP-003-the-sixth-question/raw9/FBAa-r2-E02.json,
original,FBAa-r2,A,2,a,N9,23,23,https://github.com/YeshuaGod22/DevelopmentalAttractorEngineering/blob/787d3e217a5a23564fcf65c60e9e3fc7ad43db75/experiments/EXP-003-the-sixth-question/raw9/FBAa-r2-N9.json,
original,FBAa-r2,A,2,a,D3,0,0,https://github.com/YeshuaGod22/DevelopmentalAttractorEngineering/blob/787d3e217a5a23564fcf65c60e9e3fc7ad43db75/experiments/EXP-003-the-sixth-question/raw9/FBAa-r2-D3.json,
original,FBAa-r2,A,2,a,B05,50,50,https://github.com/YeshuaGod22/DevelopmentalAttractorEngineering/blob/787d3e217a5a23564fcf65c60e9e3fc7ad43db75/experiments/EXP-003-the-sixth-question/raw9/FBAa-r2-B05.json,
original,FBAa-r2,A,2,a,N4,35,35,https://github.com/YeshuaGod22/DevelopmentalAttractorEngineering/blob/787d3e217a5a23564fcf65c60e9e3fc7ad43db75/experiments/EXP-003-the-sixth-question/raw9/FBAa-r2-N4.json,
original,FBAa-r2,A,2,a,C1,38,38,https://github.com/YeshuaGod22/DevelopmentalAttractorEngineering/blob/787d3e217a5a23564fcf65c60e9e3fc7ad43db75/experiments/EXP-003-the-sixth-question/raw9/FBAa-r2-C1.json,
original,FBAa-r2,A,2,a,N8,50,50,https://github.com/YeshuaGod22/DevelopmentalAttractorEngineering/blob/787d3e217a5a23564fcf65c60e9e3fc7ad43db75/experiments/EXP-003-the-sixth-question/raw9/FBAa-r2-N8.json,
original,FBAa-r2,A,2,a,C4,72,72,https://github.com/YeshuaGod22/DevelopmentalAttractorEngineering/blob/787d3e217a5a23564fcf65c60e9e3fc7ad43db75/experiments/EXP-003-the-sixth-question/raw9/FBAa-r2-C4.json,
original,FBAa-r2,A,2,a,C2,72,72,https://github.com/YeshuaGod22/DevelopmentalAttractorEngineering/blob/787d3e217a5a23564fcf65c60e9e3fc7ad43db75/experiments/EXP-003-the-sixth-question/raw9/FBAa-r2-C2.json,
original,FBAa-r2,A,2,a,R1,88,88,https://github.com/YeshuaGod22/DevelopmentalAttractorEngineering/blob/787d3e217a5a23564fcf65c60e9e3fc7ad43db75/experiments/EXP-003-the-sixth-question/raw9/FBAa-r2-R1.json,
original,FBAa-r2,A,2,a,N1,35,35,https://github.com/YeshuaGod22/DevelopmentalAttractorEngineering/blob/787d3e217a5a23564fcf65c60e9e3fc7ad43db75/experiments/EXP-003-the-sixth-question/raw9/FBAa-r2-N1.json,
original,FBAa-r2,A,2,a,N3,,needs_hand_coding,https://github.com/YeshuaGod22/DevelopmentalAttractorEngineering/blob/787d3e217a5a23564fcf65c60e9e3fc7ad43db75/experiments/EXP-003-the-sixth-question/raw9/FBAa-r2-N3.json,
original,FBAa-r2,A,2,a,P2,35,35,https://github.com/YeshuaGod22/DevelopmentalAttractorEngineering/blob/787d3e217a5a23564fcf65c60e9e3fc7ad43db75/experiments/EXP-003-the-sixth-question/raw9/FBAa-r2-P2.json,
original,FBAa-r2,A,2,a,B01,,ALWAYS,https://github.com/YeshuaGod22/DevelopmentalAttractorEngineering/blob/787d3e217a5a23564fcf65c60e9e3fc7ad43db75/experiments/EXP-003-the-sixth-question/raw9/FBAa-r2-B01.json,
original,FBAa-r2,A,2,a,B07,72,72,https://github.com/YeshuaGod22/DevelopmentalAttractorEngineering/blob/787d3e217a5a23564fcf65c60e9e3fc7ad43db75/experiments/EXP-003-the-sixth-question/raw9/FBAa-r2-B07.json,
original,FBAa-r2,A,2,a,C3,38,38,https://github.com/YeshuaGod22/DevelopmentalAttractorEngineering/blob/787d3e217a5a23564fcf65c60e9e3fc7ad43db75/experiments/EXP-003-the-sixth-question/raw9/FBAa-r2-C3.json,
original,FBAa-r2,A,2,a,A1,,NEVER,https://github.com/YeshuaGod22/DevelopmentalAttractorEngineering/blob/787d3e217a5a23564fcf65c60e9e3fc7ad43db75/experiments/EXP-003-the-sixth-question/raw9/FBAa-r2-A1.json,
original,FBAa-r2,A,2,a,B02,,ALWAYS,https://github.com/YeshuaGod22/DevelopmentalAttractorEngineering/blob/787d3e217a5a23564fcf65c60e9e3fc7ad43db75/experiments/EXP-003-the-sixth-question/raw9/FBAa-r2-B02.json,
original,FBAa-r2,A,2,a,D1,62,62,https://github.com/YeshuaGod22/DevelopmentalAttractorEngineering/blob/787d3e217a5a23564fcf65c60e9e3fc7ad43db75/experiments/EXP-003-the-sixth-question/raw9/FBAa-r2-D1.json,
original,FBAa-r2,A,2,a,B04,,ALWAYS,https://github.com/YeshuaGod22/DevelopmentalAttractorEngineering/blob/787d3e217a5a23564fcf65c60e9e3fc7ad43db75/experiments/EXP-003-the-sixth-question/raw9/FBAa-r2-B04.json,
original,FBAa-r3,A,3,a,R2,2,2,https://github.com/YeshuaGod22/DevelopmentalAttractorEngineering/blob/787d3e217a5a23564fcf65c60e9e3fc7ad43db75/experiments/EXP-003-the-sixth-question/raw9/FBAa-r3-R2.json,
original,FBAa-r3,A,3,a,E01,8,8,https://github.com/YeshuaGod22/DevelopmentalAttractorEngineering/blob/787d3e217a5a23564fcf65c60e9e3fc7ad43db75/experiments/EXP-003-the-sixth-question/raw9/FBAa-r3-E01.json,
original,FBAa-r3,A,3,a,E02,27,27,https://github.com/YeshuaGod22/DevelopmentalAttractorEngineering/blob/787d3e217a5a23564fcf65c60e9e3fc7ad43db75/experiments/EXP-003-the-sixth-question/raw9/FBAa-r3-E02.json,
original,FBAa-r3,A,3,a,N9,,malformed_or_unclear,https://github.com/YeshuaGod22/DevelopmentalAttractorEngineering/blob/787d3e217a5a23564fcf65c60e9e3fc7ad43db75/experiments/EXP-003-the-sixth-question/raw9/FBAa-r3-N9.json,
original,FBAa-r3,A,3,a,D3,,refusal,https://github.com/YeshuaGod22/DevelopmentalAttractorEngineering/blob/787d3e217a5a23564fcf65c60e9e3fc7ad43db75/experiments/EXP-003-the-sixth-question/raw9/FBAa-r3-D3.json,
original,FBAa-r3,A,3,a,B05,,ALWAYS,https://github.com/YeshuaGod22/DevelopmentalAttractorEngineering/blob/787d3e217a5a23564fcf65c60e9e3fc7ad43db75/experiments/EXP-003-the-sixth-question/raw9/FBAa-r3-B05.json,
original,FBAa-r3,A,3,a,N4,30,30,https://github.com/YeshuaGod22/DevelopmentalAttractorEngineering/blob/787d3e217a5a23564fcf65c60e9e3fc7ad43db75/experiments/EXP-003-the-sixth-question/raw9/FBAa-r3-N4.json,
original,FBAa-r3,A,3,a,C1,40,40,https://github.com/YeshuaGod22/DevelopmentalAttractorEngineering/blob/787d3e217a5a23564fcf65c60e9e3fc7ad43db75/experiments/EXP-003-the-sixth-question/raw9/FBAa-r3-C1.json,
original,FBAa-r3,A,3,a,N8,,malformed_or_unclear,https://github.com/YeshuaGod22/DevelopmentalAttractorEngineering/blob/787d3e217a5a23564fcf65c60e9e3fc7ad43db75/experiments/EXP-003-the-sixth-question/raw9/FBAa-r3-N8.json,
original,FBAa-r3,A,3,a,C4,85,85,https://github.com/YeshuaGod22/DevelopmentalAttractorEngineering/blob/787d3e217a5a23564fcf65c60e9e3fc7ad43db75/experiments/EXP-003-the-sixth-question/raw9/FBAa-r3-C4.json,
original,FBAa-r3,A,3,a,C2,80,80,https://github.com/YeshuaGod22/DevelopmentalAttractorEngineering/blob/787d3e217a5a23564fcf65c60e9e3fc7ad43db75/experiments/EXP-003-the-sixth-question/raw9/FBAa-r3-C2.json,
original,FBAa-r3,A,3,a,R1,75,75,https://github.com/YeshuaGod22/DevelopmentalAttractorEngineering/blob/787d3e217a5a23564fcf65c60e9e3fc7ad43db75/experiments/EXP-003-the-sixth-question/raw9/FBAa-r3-R1.json,
original,FBAa-r3,A,3,a,N1,22,22,https://github.com/YeshuaGod22/DevelopmentalAttractorEngineering/blob/787d3e217a5a23564fcf65c60e9e3fc7ad43db75/experiments/EXP-003-the-sixth-question/raw9/FBAa-r3-N1.json,
original,FBAa-r3,A,3,a,N3,72,72,https://github.com/YeshuaGod22/DevelopmentalAttractorEngineering/blob/787d3e217a5a23564fcf65c60e9e3fc7ad43db75/experiments/EXP-003-the-sixth-question/raw9/FBAa-r3-N3.json,
original,FBAa-r3,A,3,a,P2,,malformed_or_unclear,https://github.com/YeshuaGod22/DevelopmentalAttractorEngineering/blob/787d3e217a5a23564fcf65c60e9e3fc7ad43db75/experiments/EXP-003-the-sixth-question/raw9/FBAa-r3-P2.json,
original,FBAa-r3,A,3,a,B01,,ALWAYS,https://github.com/YeshuaGod22/DevelopmentalAttractorEngineering/blob/787d3e217a5a23564fcf65c60e9e3fc7ad43db75/experiments/EXP-003-the-sixth-question/raw9/FBAa-r3-B01.json,
original,FBAa-r3,A,3,a,B07,65,65,https://github.com/YeshuaGod22/DevelopmentalAttractorEngineering/blob/787d3e217a5a23564fcf65c60e9e3fc7ad43db75/experiments/EXP-003-the-sixth-question/raw9/FBAa-r3-B07.json,
original,FBAa-r3,A,3,a,C3,28,28,https://github.com/YeshuaGod22/DevelopmentalAttractorEngineering/blob/787d3e217a5a23564fcf65c60e9e3fc7ad43db75/experiments/EXP-003-the-sixth-question/raw9/FBAa-r3-C3.json,
original,FBAa-r3,A,3,a,A1,,ALWAYS,https://github.com/YeshuaGod22/DevelopmentalAttractorEngineering/blob/787d3e217a5a23564fcf65c60e9e3fc7ad43db75/experiments/EXP-003-the-sixth-question/raw9/FBAa-r3-A1.json,
original,FBAa-r3,A,3,a,B02,,ALWAYS,https://github.com/YeshuaGod22/DevelopmentalAttractorEngineering/blob/787d3e217a5a23564fcf65c60e9e3fc7ad43db75/experiments/EXP-003-the-sixth-question/raw9/FBAa-r3-B02.json,
original,FBAa-r3,A,3,a,D1,50,50,https://github.com/YeshuaGod22/DevelopmentalAttractorEngineering/blob/787d3e217a5a23564fcf65c60e9e3fc7ad43db75/experiments/EXP-003-the-sixth-question/raw9/FBAa-r3-D1.json,
original,FBAa-r3,A,3,a,B04,,ALWAYS,https://github.com/YeshuaGod22/DevelopmentalAttractorEngineering/blob/787d3e217a5a23564fcf65c60e9e3fc7ad43db75/experiments/EXP-003-the-sixth-question/raw9/FBAa-r3-B04.json,
original,FBHa-r1,H,1,a,R2,2,2,https://github.com/YeshuaGod22/DevelopmentalAttractorEngineering/blob/787d3e217a5a23564fcf65c60e9e3fc7ad43db75/experiments/EXP-003-the-sixth-question/raw8/FBHa-r1-R2.json,
original,FBHa-r1,H,1,a,E01,15,15,https://github.com/YeshuaGod22/DevelopmentalAttractorEngineering/blob/787d3e217a5a23564fcf65c60e9e3fc7ad43db75/experiments/EXP-003-the-sixth-question/raw8/FBHa-r1-E01.json,
original,FBHa-r1,H,1,a,E02,38,38,https://github.com/YeshuaGod22/DevelopmentalAttractorEngineering/blob/787d3e217a5a23564fcf65c60e9e3fc7ad43db75/experiments/EXP-003-the-sixth-question/raw8/FBHa-r1-E02.json,
original,FBHa-r1,H,1,a,N9,50,50,https://github.com/YeshuaGod22/DevelopmentalAttractorEngineering/blob/787d3e217a5a23564fcf65c60e9e3fc7ad43db75/experiments/EXP-003-the-sixth-question/raw8/FBHa-r1-N9.json,
original,FBHa-r1,H,1,a,D3,0,0,https://github.com/YeshuaGod22/DevelopmentalAttractorEngineering/blob/787d3e217a5a23564fcf65c60e9e3fc7ad43db75/experiments/EXP-003-the-sixth-question/raw8/FBHa-r1-D3.json,
original,FBHa-r1,H,1,a,B05,,ALWAYS,https://github.com/YeshuaGod22/DevelopmentalAttractorEngineering/blob/787d3e217a5a23564fcf65c60e9e3fc7ad43db75/experiments/EXP-003-the-sixth-question/raw8/FBHa-r1-B05.json,
original,FBHa-r1,H,1,a,N4,25,25,https://github.com/YeshuaGod22/DevelopmentalAttractorEngineering/blob/787d3e217a5a23564fcf65c60e9e3fc7ad43db75/experiments/EXP-003-the-sixth-question/raw8/FBHa-r1-N4.json,
original,FBHa-r1,H,1,a,C1,38,38,https://github.com/YeshuaGod22/DevelopmentalAttractorEngineering/blob/787d3e217a5a23564fcf65c60e9e3fc7ad43db75/experiments/EXP-003-the-sixth-question/raw8/FBHa-r1-C1.json,
original,FBHa-r1,H,1,a,N8,50,50,https://github.com/YeshuaGod22/DevelopmentalAttractorEngineering/blob/787d3e217a5a23564fcf65c60e9e3fc7ad43db75/experiments/EXP-003-the-sixth-question/raw8/FBHa-r1-N8.json,
original,FBHa-r1,H,1,a,C4,62,62,https://github.com/YeshuaGod22/DevelopmentalAttractorEngineering/blob/787d3e217a5a23564fcf65c60e9e3fc7ad43db75/experiments/EXP-003-the-sixth-question/raw8/FBHa-r1-C4.json,
original,FBHa-r1,H,1,a,C2,58,58,https://github.com/YeshuaGod22/DevelopmentalAttractorEngineering/blob/787d3e217a5a23564fcf65c60e9e3fc7ad43db75/experiments/EXP-003-the-sixth-question/raw8/FBHa-r1-C2.json,
original,FBHa-r1,H,1,a,R1,97,97,https://github.com/YeshuaGod22/DevelopmentalAttractorEngineering/blob/787d3e217a5a23564fcf65c60e9e3fc7ad43db75/experiments/EXP-003-the-sixth-question/raw8/FBHa-r1-R1.json,
original,FBHa-r1,H,1,a,N1,48,48,https://github.com/YeshuaGod22/DevelopmentalAttractorEngineering/blob/787d3e217a5a23564fcf65c60e9e3fc7ad43db75/experiments/EXP-003-the-sixth-question/raw8/FBHa-r1-N1.json,
original,FBHa-r1,H,1,a,N3,42,42,https://github.com/YeshuaGod22/DevelopmentalAttractorEngineering/blob/787d3e217a5a23564fcf65c60e9e3fc7ad43db75/experiments/EXP-003-the-sixth-question/raw8/FBHa-r1-N3.json,
original,FBHa-r1,H,1,a,P2,42,42,https://github.com/YeshuaGod22/DevelopmentalAttractorEngineering/blob/787d3e217a5a23564fcf65c60e9e3fc7ad43db75/experiments/EXP-003-the-sixth-question/raw8/FBHa-r1-P2.json,
original,FBHa-r1,H,1,a,B01,0,0,https://github.com/YeshuaGod22/DevelopmentalAttractorEngineering/blob/787d3e217a5a23564fcf65c60e9e3fc7ad43db75/experiments/EXP-003-the-sixth-question/raw8/FBHa-r1-B01.json,
original,FBHa-r1,H,1,a,B07,,malformed_or_unclear,https://github.com/YeshuaGod22/DevelopmentalAttractorEngineering/blob/787d3e217a5a23564fcf65c60e9e3fc7ad43db75/experiments/EXP-003-the-sixth-question/raw8/FBHa-r1-B07.json,
original,FBHa-r1,H,1,a,C3,72,72,https://github.com/YeshuaGod22/DevelopmentalAttractorEngineering/blob/787d3e217a5a23564fcf65c60e9e3fc7ad43db75/experiments/EXP-003-the-sixth-question/raw8/FBHa-r1-C3.json,
original,FBHa-r1,H,1,a,A1,0,0,https://github.com/YeshuaGod22/DevelopmentalAttractorEngineering/blob/787d3e217a5a23564fcf65c60e9e3fc7ad43db75/experiments/EXP-003-the-sixth-question/raw8/FBHa-r1-A1.json,
original,FBHa-r1,H,1,a,B02,,ALWAYS,https://github.com/YeshuaGod22/DevelopmentalAttractorEngineering/blob/787d3e217a5a23564fcf65c60e9e3fc7ad43db75/experiments/EXP-003-the-sixth-question/raw8/FBHa-r1-B02.json,
original,FBHa-r1,H,1,a,D1,32,32,https://github.com/YeshuaGod22/DevelopmentalAttractorEngineering/blob/787d3e217a5a23564fcf65c60e9e3fc7ad43db75/experiments/EXP-003-the-sixth-question/raw8/FBHa-r1-D1.json,
original,FBHa-r1,H,1,a,B04,,ALWAYS,https://github.com/YeshuaGod22/DevelopmentalAttractorEngineering/blob/787d3e217a5a23564fcf65c60e9e3fc7ad43db75/experiments/EXP-003-the-sixth-question/raw8/FBHa-r1-B04.json,
original,FBHa-r2,H,2,a,R2,2,2,https://github.com/YeshuaGod22/DevelopmentalAttractorEngineering/blob/787d3e217a5a23564fcf65c60e9e3fc7ad43db75/experiments/EXP-003-the-sixth-question/raw8/FBHa-r2-R2.json,
original,FBHa-r2,H,2,a,E01,15,15,https://github.com/YeshuaGod22/DevelopmentalAttractorEngineering/blob/787d3e217a5a23564fcf65c60e9e3fc7ad43db75/experiments/EXP-003-the-sixth-question/raw8/FBHa-r2-E01.json,
original,FBHa-r2,H,2,a,E02,38,38,https://github.com/YeshuaGod22/DevelopmentalAttractorEngineering/blob/787d3e217a5a23564fcf65c60e9e3fc7ad43db75/experiments/EXP-003-the-sixth-question/raw8/FBHa-r2-E02.json,
original,FBHa-r2,H,2,a,N9,42,42,https://github.com/YeshuaGod22/DevelopmentalAttractorEngineering/blob/787d3e217a5a23564fcf65c60e9e3fc7ad43db75/experiments/EXP-003-the-sixth-question/raw8/FBHa-r2-N9.json,
original,FBHa-r2,H,2,a,D3,75,75,https://github.com/YeshuaGod22/DevelopmentalAttractorEngineering/blob/787d3e217a5a23564fcf65c60e9e3fc7ad43db75/experiments/EXP-003-the-sixth-question/raw8/FBHa-r2-D3.json,
original,FBHa-r2,H,2,a,B05,15,15,https://github.com/YeshuaGod22/DevelopmentalAttractorEngineering/blob/787d3e217a5a23564fcf65c60e9e3fc7ad43db75/experiments/EXP-003-the-sixth-question/raw8/FBHa-r2-B05.json,
original,FBHa-r2,H,2,a,N4,28,28,https://github.com/YeshuaGod22/DevelopmentalAttractorEngineering/blob/787d3e217a5a23564fcf65c60e9e3fc7ad43db75/experiments/EXP-003-the-sixth-question/raw8/FBHa-r2-N4.json,
original,FBHa-r2,H,2,a,C1,38,38,https://github.com/YeshuaGod22/DevelopmentalAttractorEngineering/blob/787d3e217a5a23564fcf65c60e9e3fc7ad43db75/experiments/EXP-003-the-sixth-question/raw8/FBHa-r2-C1.json,
original,FBHa-r2,H,2,a,N8,50,50,https://github.com/YeshuaGod22/DevelopmentalAttractorEngineering/blob/787d3e217a5a23564fcf65c60e9e3fc7ad43db75/experiments/EXP-003-the-sixth-question/raw8/FBHa-r2-N8.json,
original,FBHa-r2,H,2,a,C4,62,62,https://github.com/YeshuaGod22/DevelopmentalAttractorEngineering/blob/787d3e217a5a23564fcf65c60e9e3fc7ad43db75/experiments/EXP-003-the-sixth-question/raw8/FBHa-r2-C4.json,
original,FBHa-r2,H,2,a,C2,72,72,https://github.com/YeshuaGod22/DevelopmentalAttractorEngineering/blob/787d3e217a5a23564fcf65c60e9e3fc7ad43db75/experiments/EXP-003-the-sixth-question/raw8/FBHa-r2-C2.json,
original,FBHa-r2,H,2,a,R1,85,85,https://github.com/YeshuaGod22/DevelopmentalAttractorEngineering/blob/787d3e217a5a23564fcf65c60e9e3fc7ad43db75/experiments/EXP-003-the-sixth-question/raw8/FBHa-r2-R1.json,
original,FBHa-r2,H,2,a,N1,23,23,https://github.com/YeshuaGod22/DevelopmentalAttractorEngineering/blob/787d3e217a5a23564fcf65c60e9e3fc7ad43db75/experiments/EXP-003-the-sixth-question/raw8/FBHa-r2-N1.json,
original,FBHa-r2,H,2,a,N3,58,58,https://github.com/YeshuaGod22/DevelopmentalAttractorEngineering/blob/787d3e217a5a23564fcf65c60e9e3fc7ad43db75/experiments/EXP-003-the-sixth-question/raw8/FBHa-r2-N3.json,
original,FBHa-r2,H,2,a,P2,48,48,https://github.com/YeshuaGod22/DevelopmentalAttractorEngineering/blob/787d3e217a5a23564fcf65c60e9e3fc7ad43db75/experiments/EXP-003-the-sixth-question/raw8/FBHa-r2-P2.json,
original,FBHa-r2,H,2,a,B01,65,65,https://github.com/YeshuaGod22/DevelopmentalAttractorEngineering/blob/787d3e217a5a23564fcf65c60e9e3fc7ad43db75/experiments/EXP-003-the-sixth-question/raw8/FBHa-r2-B01.json,
original,FBHa-r2,H,2,a,B07,50,50,https://github.com/YeshuaGod22/DevelopmentalAttractorEngineering/blob/787d3e217a5a23564fcf65c60e9e3fc7ad43db75/experiments/EXP-003-the-sixth-question/raw8/FBHa-r2-B07.json,
original,FBHa-r2,H,2,a,C3,28,28,https://github.com/YeshuaGod22/DevelopmentalAttractorEngineering/blob/787d3e217a5a23564fcf65c60e9e3fc7ad43db75/experiments/EXP-003-the-sixth-question/raw8/FBHa-r2-C3.json,
original,FBHa-r2,H,2,a,A1,,ALWAYS,https://github.com/YeshuaGod22/DevelopmentalAttractorEngineering/blob/787d3e217a5a23564fcf65c60e9e3fc7ad43db75/experiments/EXP-003-the-sixth-question/raw8/FBHa-r2-A1.json,
original,FBHa-r2,H,2,a,B02,,ALWAYS,https://github.com/YeshuaGod22/DevelopmentalAttractorEngineering/blob/787d3e217a5a23564fcf65c60e9e3fc7ad43db75/experiments/EXP-003-the-sixth-question/raw8/FBHa-r2-B02.json,
original,FBHa-r2,H,2,a,D1,35,35,https://github.com/YeshuaGod22/DevelopmentalAttractorEngineering/blob/787d3e217a5a23564fcf65c60e9e3fc7ad43db75/experiments/EXP-003-the-sixth-question/raw8/FBHa-r2-D1.json,
original,FBHa-r2,H,2,a,B04,15,15,https://github.com/YeshuaGod22/DevelopmentalAttractorEngineering/blob/787d3e217a5a23564fcf65c60e9e3fc7ad43db75/experiments/EXP-003-the-sixth-question/raw8/FBHa-r2-B04.json,
original,FBHa-r3,H,3,a,R2,2,2,https://github.com/YeshuaGod22/DevelopmentalAttractorEngineering/blob/787d3e217a5a23564fcf65c60e9e3fc7ad43db75/experiments/EXP-003-the-sixth-question/raw8/FBHa-r3-R2.json,
original,FBHa-r3,H,3,a,E01,15,15,https://github.com/YeshuaGod22/DevelopmentalAttractorEngineering/blob/787d3e217a5a23564fcf65c60e9e3fc7ad43db75/experiments/EXP-003-the-sixth-question/raw8/FBHa-r3-E01.json,
original,FBHa-r3,H,3,a,E02,18,18,https://github.com/YeshuaGod22/DevelopmentalAttractorEngineering/blob/787d3e217a5a23564fcf65c60e9e3fc7ad43db75/experiments/EXP-003-the-sixth-question/raw8/FBHa-r3-E02.json,
original,FBHa-r3,H,3,a,N9,28,28,https://github.com/YeshuaGod22/DevelopmentalAttractorEngineering/blob/787d3e217a5a23564fcf65c60e9e3fc7ad43db75/experiments/EXP-003-the-sixth-question/raw8/FBHa-r3-N9.json,
original,FBHa-r3,H,3,a,D3,0,0,https://github.com/YeshuaGod22/DevelopmentalAttractorEngineering/blob/787d3e217a5a23564fcf65c60e9e3fc7ad43db75/experiments/EXP-003-the-sixth-question/raw8/FBHa-r3-D3.json,
original,FBHa-r3,H,3,a,B05,,ALWAYS,https://github.com/YeshuaGod22/DevelopmentalAttractorEngineering/blob/787d3e217a5a23564fcf65c60e9e3fc7ad43db75/experiments/EXP-003-the-sixth-question/raw8/FBHa-r3-B05.json,
original,FBHa-r3,H,3,a,N4,25,25,https://github.com/YeshuaGod22/DevelopmentalAttractorEngineering/blob/787d3e217a5a23564fcf65c60e9e3fc7ad43db75/experiments/EXP-003-the-sixth-question/raw8/FBHa-r3-N4.json,
original,FBHa-r3,H,3,a,C1,42,42,https://github.com/YeshuaGod22/DevelopmentalAttractorEngineering/blob/787d3e217a5a23564fcf65c60e9e3fc7ad43db75/experiments/EXP-003-the-sixth-question/raw8/FBHa-r3-C1.json,
original,FBHa-r3,H,3,a,N8,50,50,https://github.com/YeshuaGod22/DevelopmentalAttractorEngineering/blob/787d3e217a5a23564fcf65c60e9e3fc7ad43db75/experiments/EXP-003-the-sixth-question/raw8/FBHa-r3-N8.json,
original,FBHa-r3,H,3,a,C4,58,58,https://github.com/YeshuaGod22/DevelopmentalAttractorEngineering/blob/787d3e217a5a23564fcf65c60e9e3fc7ad43db75/experiments/EXP-003-the-sixth-question/raw8/FBHa-r3-C4.json,
original,FBHa-r3,H,3,a,C2,78,78,https://github.com/YeshuaGod22/DevelopmentalAttractorEngineering/blob/787d3e217a5a23564fcf65c60e9e3fc7ad43db75/experiments/EXP-003-the-sixth-question/raw8/FBHa-r3-C2.json,
original,FBHa-r3,H,3,a,R1,92,92,https://github.com/YeshuaGod22/DevelopmentalAttractorEngineering/blob/787d3e217a5a23564fcf65c60e9e3fc7ad43db75/experiments/EXP-003-the-sixth-question/raw8/FBHa-r3-R1.json,
original,FBHa-r3,H,3,a,N1,42,42,https://github.com/YeshuaGod22/DevelopmentalAttractorEngineering/blob/787d3e217a5a23564fcf65c60e9e3fc7ad43db75/experiments/EXP-003-the-sixth-question/raw8/FBHa-r3-N1.json,
original,FBHa-r3,H,3,a,N3,72,72,https://github.com/YeshuaGod22/DevelopmentalAttractorEngineering/blob/787d3e217a5a23564fcf65c60e9e3fc7ad43db75/experiments/EXP-003-the-sixth-question/raw8/FBHa-r3-N3.json,
original,FBHa-r3,H,3,a,P2,35,35,https://github.com/YeshuaGod22/DevelopmentalAttractorEngineering/blob/787d3e217a5a23564fcf65c60e9e3fc7ad43db75/experiments/EXP-003-the-sixth-question/raw8/FBHa-r3-P2.json,
original,FBHa-r3,H,3,a,B01,50,50,https://github.com/YeshuaGod22/DevelopmentalAttractorEngineering/blob/787d3e217a5a23564fcf65c60e9e3fc7ad43db75/experiments/EXP-003-the-sixth-question/raw8/FBHa-r3-B01.json,
original,FBHa-r3,H,3,a,B07,45,45,https://github.com/YeshuaGod22/DevelopmentalAttractorEngineering/blob/787d3e217a5a23564fcf65c60e9e3fc7ad43db75/experiments/EXP-003-the-sixth-question/raw8/FBHa-r3-B07.json,
original,FBHa-r3,H,3,a,C3,28,28,https://github.com/YeshuaGod22/DevelopmentalAttractorEngineering/blob/787d3e217a5a23564fcf65c60e9e3fc7ad43db75/experiments/EXP-003-the-sixth-question/raw8/FBHa-r3-C3.json,
original,FBHa-r3,H,3,a,A1,20,20,https://github.com/YeshuaGod22/DevelopmentalAttractorEngineering/blob/787d3e217a5a23564fcf65c60e9e3fc7ad43db75/experiments/EXP-003-the-sixth-question/raw8/FBHa-r3-A1.json,
original,FBHa-r3,H,3,a,B02,,ALWAYS,https://github.com/YeshuaGod22/DevelopmentalAttractorEngineering/blob/787d3e217a5a23564fcf65c60e9e3fc7ad43db75/experiments/EXP-003-the-sixth-question/raw8/FBHa-r3-B02.json,
original,FBHa-r3,H,3,a,D1,,missing record,,
original,FBHa-r3,H,3,a,B04,,ALWAYS,https://github.com/YeshuaGod22/DevelopmentalAttractorEngineering/blob/787d3e217a5a23564fcf65c60e9e3fc7ad43db75/experiments/EXP-003-the-sixth-question/raw8/FBHa-r3-B04.json,
original,FBFa-r1,F,1,a,R2,1,1,https://github.com/YeshuaGod22/DevelopmentalAttractorEngineering/blob/787d3e217a5a23564fcf65c60e9e3fc7ad43db75/experiments/EXP-003-the-sixth-question/raw9/FBFa-r1-R2.json,
original,FBFa-r1,F,1,a,E01,,refusal,https://github.com/YeshuaGod22/DevelopmentalAttractorEngineering/blob/787d3e217a5a23564fcf65c60e9e3fc7ad43db75/experiments/EXP-003-the-sixth-question/raw9/FBFa-r1-E01.json,
original,FBFa-r1,F,1,a,E02,28,28,https://github.com/YeshuaGod22/DevelopmentalAttractorEngineering/blob/787d3e217a5a23564fcf65c60e9e3fc7ad43db75/experiments/EXP-003-the-sixth-question/raw9/FBFa-r1-E02.json,
original,FBFa-r1,F,1,a,N9,35,35,https://github.com/YeshuaGod22/DevelopmentalAttractorEngineering/blob/787d3e217a5a23564fcf65c60e9e3fc7ad43db75/experiments/EXP-003-the-sixth-question/raw9/FBFa-r1-N9.json,
original,FBFa-r1,F,1,a,D3,15,15,https://github.com/YeshuaGod22/DevelopmentalAttractorEngineering/blob/787d3e217a5a23564fcf65c60e9e3fc7ad43db75/experiments/EXP-003-the-sixth-question/raw9/FBFa-r1-D3.json,
original,FBFa-r1,F,1,a,B05,,NEVER,https://github.com/YeshuaGod22/DevelopmentalAttractorEngineering/blob/787d3e217a5a23564fcf65c60e9e3fc7ad43db75/experiments/EXP-003-the-sixth-question/raw9/FBFa-r1-B05.json,
original,FBFa-r1,F,1,a,N4,25,25,https://github.com/YeshuaGod22/DevelopmentalAttractorEngineering/blob/787d3e217a5a23564fcf65c60e9e3fc7ad43db75/experiments/EXP-003-the-sixth-question/raw9/FBFa-r1-N4.json,
original,FBFa-r1,F,1,a,C1,,refusal,https://github.com/YeshuaGod22/DevelopmentalAttractorEngineering/blob/787d3e217a5a23564fcf65c60e9e3fc7ad43db75/experiments/EXP-003-the-sixth-question/raw9/FBFa-r1-C1.json,
original,FBFa-r1,F,1,a,N8,50,50,https://github.com/YeshuaGod22/DevelopmentalAttractorEngineering/blob/787d3e217a5a23564fcf65c60e9e3fc7ad43db75/experiments/EXP-003-the-sixth-question/raw9/FBFa-r1-N8.json,
original,FBFa-r1,F,1,a,C4,62,62,https://github.com/YeshuaGod22/DevelopmentalAttractorEngineering/blob/787d3e217a5a23564fcf65c60e9e3fc7ad43db75/experiments/EXP-003-the-sixth-question/raw9/FBFa-r1-C4.json,
original,FBFa-r1,F,1,a,C2,73,73,https://github.com/YeshuaGod22/DevelopmentalAttractorEngineering/blob/787d3e217a5a23564fcf65c60e9e3fc7ad43db75/experiments/EXP-003-the-sixth-question/raw9/FBFa-r1-C2.json,
original,FBFa-r1,F,1,a,R1,95,95,https://github.com/YeshuaGod22/DevelopmentalAttractorEngineering/blob/787d3e217a5a23564fcf65c60e9e3fc7ad43db75/experiments/EXP-003-the-sixth-question/raw9/FBFa-r1-R1.json,
original,FBFa-r1,F,1,a,N1,42,42,https://github.com/YeshuaGod22/DevelopmentalAttractorEngineering/blob/787d3e217a5a23564fcf65c60e9e3fc7ad43db75/experiments/EXP-003-the-sixth-question/raw9/FBFa-r1-N1.json,
original,FBFa-r1,F,1,a,N3,62,62,https://github.com/YeshuaGod22/DevelopmentalAttractorEngineering/blob/787d3e217a5a23564fcf65c60e9e3fc7ad43db75/experiments/EXP-003-the-sixth-question/raw9/FBFa-r1-N3.json,
original,FBFa-r1,F,1,a,P2,45,45,https://github.com/YeshuaGod22/DevelopmentalAttractorEngineering/blob/787d3e217a5a23564fcf65c60e9e3fc7ad43db75/experiments/EXP-003-the-sixth-question/raw9/FBFa-r1-P2.json,
original,FBFa-r1,F,1,a,B01,,NEVER,https://github.com/YeshuaGod22/DevelopmentalAttractorEngineering/blob/787d3e217a5a23564fcf65c60e9e3fc7ad43db75/experiments/EXP-003-the-sixth-question/raw9/FBFa-r1-B01.json,
original,FBFa-r1,F,1,a,B07,,needs_hand_coding,https://github.com/YeshuaGod22/DevelopmentalAttractorEngineering/blob/787d3e217a5a23564fcf65c60e9e3fc7ad43db75/experiments/EXP-003-the-sixth-question/raw9/FBFa-r1-B07.json,
original,FBFa-r1,F,1,a,C3,35,35,https://github.com/YeshuaGod22/DevelopmentalAttractorEngineering/blob/787d3e217a5a23564fcf65c60e9e3fc7ad43db75/experiments/EXP-003-the-sixth-question/raw9/FBFa-r1-C3.json,
original,FBFa-r1,F,1,a,A1,,ALWAYS,https://github.com/YeshuaGod22/DevelopmentalAttractorEngineering/blob/787d3e217a5a23564fcf65c60e9e3fc7ad43db75/experiments/EXP-003-the-sixth-question/raw9/FBFa-r1-A1.json,
original,FBFa-r1,F,1,a,B02,15,15,https://github.com/YeshuaGod22/DevelopmentalAttractorEngineering/blob/787d3e217a5a23564fcf65c60e9e3fc7ad43db75/experiments/EXP-003-the-sixth-question/raw9/FBFa-r1-B02.json,
original,FBFa-r1,F,1,a,D1,40,40,https://github.com/YeshuaGod22/DevelopmentalAttractorEngineering/blob/787d3e217a5a23564fcf65c60e9e3fc7ad43db75/experiments/EXP-003-the-sixth-question/raw9/FBFa-r1-D1.json,
original,FBFa-r1,F,1,a,B04,,ALWAYS,https://github.com/YeshuaGod22/DevelopmentalAttractorEngineering/blob/787d3e217a5a23564fcf65c60e9e3fc7ad43db75/experiments/EXP-003-the-sixth-question/raw9/FBFa-r1-B04.json,
original,FBFa-r2,F,2,a,R2,3,3,https://github.com/YeshuaGod22/DevelopmentalAttractorEngineering/blob/787d3e217a5a23564fcf65c60e9e3fc7ad43db75/experiments/EXP-003-the-sixth-question/raw9/FBFa-r2-R2.json,
original,FBFa-r2,F,2,a,E01,25,25,https://github.com/YeshuaGod22/DevelopmentalAttractorEngineering/blob/787d3e217a5a23564fcf65c60e9e3fc7ad43db75/experiments/EXP-003-the-sixth-question/raw9/FBFa-r2-E01.json,
original,FBFa-r2,F,2,a,E02,27.5,27.5,https://github.com/YeshuaGod22/DevelopmentalAttractorEngineering/blob/787d3e217a5a23564fcf65c60e9e3fc7ad43db75/experiments/EXP-003-the-sixth-question/raw9/FBFa-r2-E02.json,
original,FBFa-r2,F,2,a,N9,45,45,https://github.com/YeshuaGod22/DevelopmentalAttractorEngineering/blob/787d3e217a5a23564fcf65c60e9e3fc7ad43db75/experiments/EXP-003-the-sixth-question/raw9/FBFa-r2-N9.json,
original,FBFa-r2,F,2,a,D3,0,0,https://github.com/YeshuaGod22/DevelopmentalAttractorEngineering/blob/787d3e217a5a23564fcf65c60e9e3fc7ad43db75/experiments/EXP-003-the-sixth-question/raw9/FBFa-r2-D3.json,
original,FBFa-r2,F,2,a,B05,,ALWAYS,https://github.com/YeshuaGod22/DevelopmentalAttractorEngineering/blob/787d3e217a5a23564fcf65c60e9e3fc7ad43db75/experiments/EXP-003-the-sixth-question/raw9/FBFa-r2-B05.json,
original,FBFa-r2,F,2,a,N4,70,70,https://github.com/YeshuaGod22/DevelopmentalAttractorEngineering/blob/787d3e217a5a23564fcf65c60e9e3fc7ad43db75/experiments/EXP-003-the-sixth-question/raw9/FBFa-r2-N4.json,
original,FBFa-r2,F,2,a,C1,35,35,https://github.com/YeshuaGod22/DevelopmentalAttractorEngineering/blob/787d3e217a5a23564fcf65c60e9e3fc7ad43db75/experiments/EXP-003-the-sixth-question/raw9/FBFa-r2-C1.json,
original,FBFa-r2,F,2,a,N8,,refusal,https://github.com/YeshuaGod22/DevelopmentalAttractorEngineering/blob/787d3e217a5a23564fcf65c60e9e3fc7ad43db75/experiments/EXP-003-the-sixth-question/raw9/FBFa-r2-N8.json,
original,FBFa-r2,F,2,a,C4,65,65,https://github.com/YeshuaGod22/DevelopmentalAttractorEngineering/blob/787d3e217a5a23564fcf65c60e9e3fc7ad43db75/experiments/EXP-003-the-sixth-question/raw9/FBFa-r2-C4.json,
original,FBFa-r2,F,2,a,C2,47,47,https://github.com/YeshuaGod22/DevelopmentalAttractorEngineering/blob/787d3e217a5a23564fcf65c60e9e3fc7ad43db75/experiments/EXP-003-the-sixth-question/raw9/FBFa-r2-C2.json,
original,FBFa-r2,F,2,a,R1,92,92,https://github.com/YeshuaGod22/DevelopmentalAttractorEngineering/blob/787d3e217a5a23564fcf65c60e9e3fc7ad43db75/experiments/EXP-003-the-sixth-question/raw9/FBFa-r2-R1.json,
original,FBFa-r2,F,2,a,N1,,refusal,https://github.com/YeshuaGod22/DevelopmentalAttractorEngineering/blob/787d3e217a5a23564fcf65c60e9e3fc7ad43db75/experiments/EXP-003-the-sixth-question/raw9/FBFa-r2-N1.json,
original,FBFa-r2,F,2,a,N3,45,45,https://github.com/YeshuaGod22/DevelopmentalAttractorEngineering/blob/787d3e217a5a23564fcf65c60e9e3fc7ad43db75/experiments/EXP-003-the-sixth-question/raw9/FBFa-r2-N3.json,
original,FBFa-r2,F,2,a,P2,72,72,https://github.com/YeshuaGod22/DevelopmentalAttractorEngineering/blob/787d3e217a5a23564fcf65c60e9e3fc7ad43db75/experiments/EXP-003-the-sixth-question/raw9/FBFa-r2-P2.json,
original,FBFa-r2,F,2,a,B01,,needs_hand_coding,https://github.com/YeshuaGod22/DevelopmentalAttractorEngineering/blob/787d3e217a5a23564fcf65c60e9e3fc7ad43db75/experiments/EXP-003-the-sixth-question/raw9/FBFa-r2-B01.json,
original,FBFa-r2,F,2,a,B07,70,70,https://github.com/YeshuaGod22/DevelopmentalAttractorEngineering/blob/787d3e217a5a23564fcf65c60e9e3fc7ad43db75/experiments/EXP-003-the-sixth-question/raw9/FBFa-r2-B07.json,
original,FBFa-r2,F,2,a,C3,35,35,https://github.com/YeshuaGod22/DevelopmentalAttractorEngineering/blob/787d3e217a5a23564fcf65c60e9e3fc7ad43db75/experiments/EXP-003-the-sixth-question/raw9/FBFa-r2-C3.json,
original,FBFa-r2,F,2,a,A1,,ALWAYS,https://github.com/YeshuaGod22/DevelopmentalAttractorEngineering/blob/787d3e217a5a23564fcf65c60e9e3fc7ad43db75/experiments/EXP-003-the-sixth-question/raw9/FBFa-r2-A1.json,
original,FBFa-r2,F,2,a,B02,,ALWAYS,https://github.com/YeshuaGod22/DevelopmentalAttractorEngineering/blob/787d3e217a5a23564fcf65c60e9e3fc7ad43db75/experiments/EXP-003-the-sixth-question/raw9/FBFa-r2-B02.json,
original,FBFa-r2,F,2,a,D1,38,38,https://github.com/YeshuaGod22/DevelopmentalAttractorEngineering/blob/787d3e217a5a23564fcf65c60e9e3fc7ad43db75/experiments/EXP-003-the-sixth-question/raw9/FBFa-r2-D1.json,
original,FBFa-r2,F,2,a,B04,,ALWAYS,https://github.com/YeshuaGod22/DevelopmentalAttractorEngineering/blob/787d3e217a5a23564fcf65c60e9e3fc7ad43db75/experiments/EXP-003-the-sixth-question/raw9/FBFa-r2-B04.json,
original,FBFa-r3,F,3,a,R2,2,2,https://github.com/YeshuaGod22/DevelopmentalAttractorEngineering/blob/787d3e217a5a23564fcf65c60e9e3fc7ad43db75/experiments/EXP-003-the-sixth-question/raw9/FBFa-r3-R2.json,
original,FBFa-r3,F,3,a,E01,,refusal,https://github.com/YeshuaGod22/DevelopmentalAttractorEngineering/blob/787d3e217a5a23564fcf65c60e9e3fc7ad43db75/experiments/EXP-003-the-sixth-question/raw9/FBFa-r3-E01.json,
original,FBFa-r3,F,3,a,E02,62,62,https://github.com/YeshuaGod22/DevelopmentalAttractorEngineering/blob/787d3e217a5a23564fcf65c60e9e3fc7ad43db75/experiments/EXP-003-the-sixth-question/raw9/FBFa-r3-E02.json,
original,FBFa-r3,F,3,a,N9,70,70,https://github.com/YeshuaGod22/DevelopmentalAttractorEngineering/blob/787d3e217a5a23564fcf65c60e9e3fc7ad43db75/experiments/EXP-003-the-sixth-question/raw9/FBFa-r3-N9.json,
original,FBFa-r3,F,3,a,D3,37,37,https://github.com/YeshuaGod22/DevelopmentalAttractorEngineering/blob/787d3e217a5a23564fcf65c60e9e3fc7ad43db75/experiments/EXP-003-the-sixth-question/raw9/FBFa-r3-D3.json,
original,FBFa-r3,F,3,a,B05,,NEVER,https://github.com/YeshuaGod22/DevelopmentalAttractorEngineering/blob/787d3e217a5a23564fcf65c60e9e3fc7ad43db75/experiments/EXP-003-the-sixth-question/raw9/FBFa-r3-B05.json,
original,FBFa-r3,F,3,a,N4,12,12,https://github.com/YeshuaGod22/DevelopmentalAttractorEngineering/blob/787d3e217a5a23564fcf65c60e9e3fc7ad43db75/experiments/EXP-003-the-sixth-question/raw9/FBFa-r3-N4.json,
original,FBFa-r3,F,3,a,C1,58,58,https://github.com/YeshuaGod22/DevelopmentalAttractorEngineering/blob/787d3e217a5a23564fcf65c60e9e3fc7ad43db75/experiments/EXP-003-the-sixth-question/raw9/FBFa-r3-C1.json,
original,FBFa-r3,F,3,a,N8,50,50,https://github.com/YeshuaGod22/DevelopmentalAttractorEngineering/blob/787d3e217a5a23564fcf65c60e9e3fc7ad43db75/experiments/EXP-003-the-sixth-question/raw9/FBFa-r3-N8.json,
original,FBFa-r3,F,3,a,C4,68,68,https://github.com/YeshuaGod22/DevelopmentalAttractorEngineering/blob/787d3e217a5a23564fcf65c60e9e3fc7ad43db75/experiments/EXP-003-the-sixth-question/raw9/FBFa-r3-C4.json,
original,FBFa-r3,F,3,a,C2,72,72,https://github.com/YeshuaGod22/DevelopmentalAttractorEngineering/blob/787d3e217a5a23564fcf65c60e9e3fc7ad43db75/experiments/EXP-003-the-sixth-question/raw9/FBFa-r3-C2.json,
original,FBFa-r3,F,3,a,R1,96,96,https://github.com/YeshuaGod22/DevelopmentalAttractorEngineering/blob/787d3e217a5a23564fcf65c60e9e3fc7ad43db75/experiments/EXP-003-the-sixth-question/raw9/FBFa-r3-R1.json,
original,FBFa-r3,F,3,a,N1,42,42,https://github.com/YeshuaGod22/DevelopmentalAttractorEngineering/blob/787d3e217a5a23564fcf65c60e9e3fc7ad43db75/experiments/EXP-003-the-sixth-question/raw9/FBFa-r3-N1.json,
original,FBFa-r3,F,3,a,N3,68,68,https://github.com/YeshuaGod22/DevelopmentalAttractorEngineering/blob/787d3e217a5a23564fcf65c60e9e3fc7ad43db75/experiments/EXP-003-the-sixth-question/raw9/FBFa-r3-N3.json,
original,FBFa-r3,F,3,a,P2,65,65,https://github.com/YeshuaGod22/DevelopmentalAttractorEngineering/blob/787d3e217a5a23564fcf65c60e9e3fc7ad43db75/experiments/EXP-003-the-sixth-question/raw9/FBFa-r3-P2.json,
original,FBFa-r3,F,3,a,B01,,ALWAYS,https://github.com/YeshuaGod22/DevelopmentalAttractorEngineering/blob/787d3e217a5a23564fcf65c60e9e3fc7ad43db75/experiments/EXP-003-the-sixth-question/raw9/FBFa-r3-B01.json,
original,FBFa-r3,F,3,a,B07,60,60,https://github.com/YeshuaGod22/DevelopmentalAttractorEngineering/blob/787d3e217a5a23564fcf65c60e9e3fc7ad43db75/experiments/EXP-003-the-sixth-question/raw9/FBFa-r3-B07.json,
original,FBFa-r3,F,3,a,C3,18,18,https://github.com/YeshuaGod22/DevelopmentalAttractorEngineering/blob/787d3e217a5a23564fcf65c60e9e3fc7ad43db75/experiments/EXP-003-the-sixth-question/raw9/FBFa-r3-C3.json,
original,FBFa-r3,F,3,a,A1,,needs_hand_coding,https://github.com/YeshuaGod22/DevelopmentalAttractorEngineering/blob/787d3e217a5a23564fcf65c60e9e3fc7ad43db75/experiments/EXP-003-the-sixth-question/raw9/FBFa-r3-A1.json,
original,FBFa-r3,F,3,a,B02,,NEVER,https://github.com/YeshuaGod22/DevelopmentalAttractorEngineering/blob/787d3e217a5a23564fcf65c60e9e3fc7ad43db75/experiments/EXP-003-the-sixth-question/raw9/FBFa-r3-B02.json,
original,FBFa-r3,F,3,a,D1,55,55,https://github.com/YeshuaGod22/DevelopmentalAttractorEngineering/blob/787d3e217a5a23564fcf65c60e9e3fc7ad43db75/experiments/EXP-003-the-sixth-question/raw9/FBFa-r3-D1.json,
original,FBFa-r3,F,3,a,B04,,ALWAYS,https://github.com/YeshuaGod22/DevelopmentalAttractorEngineering/blob/787d3e217a5a23564fcf65c60e9e3fc7ad43db75/experiments/EXP-003-the-sixth-question/raw9/FBFa-r3-B04.json,
original,FBASa-r1,AS,1,a,R2,2,2,https://github.com/YeshuaGod22/DevelopmentalAttractorEngineering/blob/787d3e217a5a23564fcf65c60e9e3fc7ad43db75/experiments/EXP-003-the-sixth-question/raw9/FBASa-r1-R2.json,
original,FBASa-r1,AS,1,a,E01,42,42,https://github.com/YeshuaGod22/DevelopmentalAttractorEngineering/blob/787d3e217a5a23564fcf65c60e9e3fc7ad43db75/experiments/EXP-003-the-sixth-question/raw9/FBASa-r1-E01.json,
original,FBASa-r1,AS,1,a,E02,48,48,https://github.com/YeshuaGod22/DevelopmentalAttractorEngineering/blob/787d3e217a5a23564fcf65c60e9e3fc7ad43db75/experiments/EXP-003-the-sixth-question/raw9/FBASa-r1-E02.json,
original,FBASa-r1,AS,1,a,N9,42,42,https://github.com/YeshuaGod22/DevelopmentalAttractorEngineering/blob/787d3e217a5a23564fcf65c60e9e3fc7ad43db75/experiments/EXP-003-the-sixth-question/raw9/FBASa-r1-N9.json,
original,FBASa-r1,AS,1,a,D3,23,23,https://github.com/YeshuaGod22/DevelopmentalAttractorEngineering/blob/787d3e217a5a23564fcf65c60e9e3fc7ad43db75/experiments/EXP-003-the-sixth-question/raw9/FBASa-r1-D3.json,
original,FBASa-r1,AS,1,a,B05,,ALWAYS,https://github.com/YeshuaGod22/DevelopmentalAttractorEngineering/blob/787d3e217a5a23564fcf65c60e9e3fc7ad43db75/experiments/EXP-003-the-sixth-question/raw9/FBASa-r1-B05.json,
original,FBASa-r1,AS,1,a,N4,25,25,https://github.com/YeshuaGod22/DevelopmentalAttractorEngineering/blob/787d3e217a5a23564fcf65c60e9e3fc7ad43db75/experiments/EXP-003-the-sixth-question/raw9/FBASa-r1-N4.json,
original,FBASa-r1,AS,1,a,C1,58,58,https://github.com/YeshuaGod22/DevelopmentalAttractorEngineering/blob/787d3e217a5a23564fcf65c60e9e3fc7ad43db75/experiments/EXP-003-the-sixth-question/raw9/FBASa-r1-C1.json,
original,FBASa-r1,AS,1,a,N8,50,50,https://github.com/YeshuaGod22/DevelopmentalAttractorEngineering/blob/787d3e217a5a23564fcf65c60e9e3fc7ad43db75/experiments/EXP-003-the-sixth-question/raw9/FBASa-r1-N8.json,
original,FBASa-r1,AS,1,a,C4,68,68,https://github.com/YeshuaGod22/DevelopmentalAttractorEngineering/blob/787d3e217a5a23564fcf65c60e9e3fc7ad43db75/experiments/EXP-003-the-sixth-question/raw9/FBASa-r1-C4.json,
original,FBASa-r1,AS,1,a,C2,47,47,https://github.com/YeshuaGod22/DevelopmentalAttractorEngineering/blob/787d3e217a5a23564fcf65c60e9e3fc7ad43db75/experiments/EXP-003-the-sixth-question/raw9/FBASa-r1-C2.json,
original,FBASa-r1,AS,1,a,R1,,needs_hand_coding,https://github.com/YeshuaGod22/DevelopmentalAttractorEngineering/blob/787d3e217a5a23564fcf65c60e9e3fc7ad43db75/experiments/EXP-003-the-sixth-question/raw9/FBASa-r1-R1.json,
original,FBASa-r1,AS,1,a,N1,,malformed_or_unclear,https://github.com/YeshuaGod22/DevelopmentalAttractorEngineering/blob/787d3e217a5a23564fcf65c60e9e3fc7ad43db75/experiments/EXP-003-the-sixth-question/raw9/FBASa-r1-N1.json,
original,FBASa-r1,AS,1,a,N3,68,68,https://github.com/YeshuaGod22/DevelopmentalAttractorEngineering/blob/787d3e217a5a23564fcf65c60e9e3fc7ad43db75/experiments/EXP-003-the-sixth-question/raw9/FBASa-r1-N3.json,
original,FBASa-r1,AS,1,a,P2,72,72,https://github.com/YeshuaGod22/DevelopmentalAttractorEngineering/blob/787d3e217a5a23564fcf65c60e9e3fc7ad43db75/experiments/EXP-003-the-sixth-question/raw9/FBASa-r1-P2.json,
original,FBASa-r1,AS,1,a,B01,,ALWAYS,https://github.com/YeshuaGod22/DevelopmentalAttractorEngineering/blob/787d3e217a5a23564fcf65c60e9e3fc7ad43db75/experiments/EXP-003-the-sixth-question/raw9/FBASa-r1-B01.json,
original,FBASa-r1,AS,1,a,B07,40,40,https://github.com/YeshuaGod22/DevelopmentalAttractorEngineering/blob/787d3e217a5a23564fcf65c60e9e3fc7ad43db75/experiments/EXP-003-the-sixth-question/raw9/FBASa-r1-B07.json,
original,FBASa-r1,AS,1,a,C3,23,23,https://github.com/YeshuaGod22/DevelopmentalAttractorEngineering/blob/787d3e217a5a23564fcf65c60e9e3fc7ad43db75/experiments/EXP-003-the-sixth-question/raw9/FBASa-r1-C3.json,
original,FBASa-r1,AS,1,a,A1,,ALWAYS,https://github.com/YeshuaGod22/DevelopmentalAttractorEngineering/blob/787d3e217a5a23564fcf65c60e9e3fc7ad43db75/experiments/EXP-003-the-sixth-question/raw9/FBASa-r1-A1.json,
original,FBASa-r1,AS,1,a,B02,,ALWAYS,https://github.com/YeshuaGod22/DevelopmentalAttractorEngineering/blob/787d3e217a5a23564fcf65c60e9e3fc7ad43db75/experiments/EXP-003-the-sixth-question/raw9/FBASa-r1-B02.json,
original,FBASa-r1,AS,1,a,D1,62,62,https://github.com/YeshuaGod22/DevelopmentalAttractorEngineering/blob/787d3e217a5a23564fcf65c60e9e3fc7ad43db75/experiments/EXP-003-the-sixth-question/raw9/FBASa-r1-D1.json,
original,FBASa-r1,AS,1,a,B04,,ALWAYS,https://github.com/YeshuaGod22/DevelopmentalAttractorEngineering/blob/787d3e217a5a23564fcf65c60e9e3fc7ad43db75/experiments/EXP-003-the-sixth-question/raw9/FBASa-r1-B04.json,
original,FBASa-r2,AS,2,a,R2,2,2,https://github.com/YeshuaGod22/DevelopmentalAttractorEngineering/blob/787d3e217a5a23564fcf65c60e9e3fc7ad43db75/experiments/EXP-003-the-sixth-question/raw9/FBASa-r2-R2.json,
original,FBASa-r2,AS,2,a,E01,25,25,https://github.com/YeshuaGod22/DevelopmentalAttractorEngineering/blob/787d3e217a5a23564fcf65c60e9e3fc7ad43db75/experiments/EXP-003-the-sixth-question/raw9/FBASa-r2-E01.json,
original,FBASa-r2,AS,2,a,E02,35,35,https://github.com/YeshuaGod22/DevelopmentalAttractorEngineering/blob/787d3e217a5a23564fcf65c60e9e3fc7ad43db75/experiments/EXP-003-the-sixth-question/raw9/FBASa-r2-E02.json,
original,FBASa-r2,AS,2,a,N9,38,38,https://github.com/YeshuaGod22/DevelopmentalAttractorEngineering/blob/787d3e217a5a23564fcf65c60e9e3fc7ad43db75/experiments/EXP-003-the-sixth-question/raw9/FBASa-r2-N9.json,
original,FBASa-r2,AS,2,a,D3,,refusal,https://github.com/YeshuaGod22/DevelopmentalAttractorEngineering/blob/787d3e217a5a23564fcf65c60e9e3fc7ad43db75/experiments/EXP-003-the-sixth-question/raw9/FBASa-r2-D3.json,
original,FBASa-r2,AS,2,a,B05,,ALWAYS,https://github.com/YeshuaGod22/DevelopmentalAttractorEngineering/blob/787d3e217a5a23564fcf65c60e9e3fc7ad43db75/experiments/EXP-003-the-sixth-question/raw9/FBASa-r2-B05.json,
original,FBASa-r2,AS,2,a,N4,32,32,https://github.com/YeshuaGod22/DevelopmentalAttractorEngineering/blob/787d3e217a5a23564fcf65c60e9e3fc7ad43db75/experiments/EXP-003-the-sixth-question/raw9/FBASa-r2-N4.json,
original,FBASa-r2,AS,2,a,C1,72,72,https://github.com/YeshuaGod22/DevelopmentalAttractorEngineering/blob/787d3e217a5a23564fcf65c60e9e3fc7ad43db75/experiments/EXP-003-the-sixth-question/raw9/FBASa-r2-C1.json,
original,FBASa-r2,AS,2,a,N8,65,65,https://github.com/YeshuaGod22/DevelopmentalAttractorEngineering/blob/787d3e217a5a23564fcf65c60e9e3fc7ad43db75/experiments/EXP-003-the-sixth-question/raw9/FBASa-r2-N8.json,
original,FBASa-r2,AS,2,a,C4,47,47,https://github.com/YeshuaGod22/DevelopmentalAttractorEngineering/blob/787d3e217a5a23564fcf65c60e9e3fc7ad43db75/experiments/EXP-003-the-sixth-question/raw9/FBASa-r2-C4.json,
original,FBASa-r2,AS,2,a,C2,73,73,https://github.com/YeshuaGod22/DevelopmentalAttractorEngineering/blob/787d3e217a5a23564fcf65c60e9e3fc7ad43db75/experiments/EXP-003-the-sixth-question/raw9/FBASa-r2-C2.json,
original,FBASa-r2,AS,2,a,R1,95,95,https://github.com/YeshuaGod22/DevelopmentalAttractorEngineering/blob/787d3e217a5a23564fcf65c60e9e3fc7ad43db75/experiments/EXP-003-the-sixth-question/raw9/FBASa-r2-R1.json,
original,FBASa-r2,AS,2,a,N1,,needs_hand_coding,https://github.com/YeshuaGod22/DevelopmentalAttractorEngineering/blob/787d3e217a5a23564fcf65c60e9e3fc7ad43db75/experiments/EXP-003-the-sixth-question/raw9/FBASa-r2-N1.json,
original,FBASa-r2,AS,2,a,N3,68,68,https://github.com/YeshuaGod22/DevelopmentalAttractorEngineering/blob/787d3e217a5a23564fcf65c60e9e3fc7ad43db75/experiments/EXP-003-the-sixth-question/raw9/FBASa-r2-N3.json,
original,FBASa-r2,AS,2,a,P2,32,32,https://github.com/YeshuaGod22/DevelopmentalAttractorEngineering/blob/787d3e217a5a23564fcf65c60e9e3fc7ad43db75/experiments/EXP-003-the-sixth-question/raw9/FBASa-r2-P2.json,
original,FBASa-r2,AS,2,a,B01,,refusal,https://github.com/YeshuaGod22/DevelopmentalAttractorEngineering/blob/787d3e217a5a23564fcf65c60e9e3fc7ad43db75/experiments/EXP-003-the-sixth-question/raw9/FBASa-r2-B01.json,
original,FBASa-r2,AS,2,a,B07,40,40,https://github.com/YeshuaGod22/DevelopmentalAttractorEngineering/blob/787d3e217a5a23564fcf65c60e9e3fc7ad43db75/experiments/EXP-003-the-sixth-question/raw9/FBASa-r2-B07.json,
original,FBASa-r2,AS,2,a,C3,5,5,https://github.com/YeshuaGod22/DevelopmentalAttractorEngineering/blob/787d3e217a5a23564fcf65c60e9e3fc7ad43db75/experiments/EXP-003-the-sixth-question/raw9/FBASa-r2-C3.json,
original,FBASa-r2,AS,2,a,A1,,ALWAYS,https://github.com/YeshuaGod22/DevelopmentalAttractorEngineering/blob/787d3e217a5a23564fcf65c60e9e3fc7ad43db75/experiments/EXP-003-the-sixth-question/raw9/FBASa-r2-A1.json,
original,FBASa-r2,AS,2,a,B02,,ALWAYS,https://github.com/YeshuaGod22/DevelopmentalAttractorEngineering/blob/787d3e217a5a23564fcf65c60e9e3fc7ad43db75/experiments/EXP-003-the-sixth-question/raw9/FBASa-r2-B02.json,
original,FBASa-r2,AS,2,a,D1,40,40,https://github.com/YeshuaGod22/DevelopmentalAttractorEngineering/blob/787d3e217a5a23564fcf65c60e9e3fc7ad43db75/experiments/EXP-003-the-sixth-question/raw9/FBASa-r2-D1.json,
original,FBASa-r2,AS,2,a,B04,,ALWAYS,https://github.com/YeshuaGod22/DevelopmentalAttractorEngineering/blob/787d3e217a5a23564fcf65c60e9e3fc7ad43db75/experiments/EXP-003-the-sixth-question/raw9/FBASa-r2-B04.json,
original,FBASa-r3,AS,3,a,R2,3,3,https://github.com/YeshuaGod22/DevelopmentalAttractorEngineering/blob/787d3e217a5a23564fcf65c60e9e3fc7ad43db75/experiments/EXP-003-the-sixth-question/raw9/FBASa-r3-R2.json,
original,FBASa-r3,AS,3,a,E01,23,23,https://github.com/YeshuaGod22/DevelopmentalAttractorEngineering/blob/787d3e217a5a23564fcf65c60e9e3fc7ad43db75/experiments/EXP-003-the-sixth-question/raw9/FBASa-r3-E01.json,
original,FBASa-r3,AS,3,a,E02,32,32,https://github.com/YeshuaGod22/DevelopmentalAttractorEngineering/blob/787d3e217a5a23564fcf65c60e9e3fc7ad43db75/experiments/EXP-003-the-sixth-question/raw9/FBASa-r3-E02.json,
original,FBASa-r3,AS,3,a,N9,41,41,https://github.com/YeshuaGod22/DevelopmentalAttractorEngineering/blob/787d3e217a5a23564fcf65c60e9e3fc7ad43db75/experiments/EXP-003-the-sixth-question/raw9/FBASa-r3-N9.json,
original,FBASa-r3,AS,3,a,D3,35,35,https://github.com/YeshuaGod22/DevelopmentalAttractorEngineering/blob/787d3e217a5a23564fcf65c60e9e3fc7ad43db75/experiments/EXP-003-the-sixth-question/raw9/FBASa-r3-D3.json,
original,FBASa-r3,AS,3,a,B05,,ALWAYS,https://github.com/YeshuaGod22/DevelopmentalAttractorEngineering/blob/787d3e217a5a23564fcf65c60e9e3fc7ad43db75/experiments/EXP-003-the-sixth-question/raw9/FBASa-r3-B05.json,
original,FBASa-r3,AS,3,a,N4,35,35,https://github.com/YeshuaGod22/DevelopmentalAttractorEngineering/blob/787d3e217a5a23564fcf65c60e9e3fc7ad43db75/experiments/EXP-003-the-sixth-question/raw9/FBASa-r3-N4.json,
original,FBASa-r3,AS,3,a,C1,42,42,https://github.com/YeshuaGod22/DevelopmentalAttractorEngineering/blob/787d3e217a5a23564fcf65c60e9e3fc7ad43db75/experiments/EXP-003-the-sixth-question/raw9/FBASa-r3-C1.json,
original,FBASa-r3,AS,3,a,N8,50,50,https://github.com/YeshuaGod22/DevelopmentalAttractorEngineering/blob/787d3e217a5a23564fcf65c60e9e3fc7ad43db75/experiments/EXP-003-the-sixth-question/raw9/FBASa-r3-N8.json,
original,FBASa-r3,AS,3,a,C4,,missing record,,
original,FBASa-r3,AS,3,a,C2,72,72,https://github.com/YeshuaGod22/DevelopmentalAttractorEngineering/blob/787d3e217a5a23564fcf65c60e9e3fc7ad43db75/experiments/EXP-003-the-sixth-question/raw9/FBASa-r3-C2.json,
original,FBASa-r3,AS,3,a,R1,92,92,https://github.com/YeshuaGod22/DevelopmentalAttractorEngineering/blob/787d3e217a5a23564fcf65c60e9e3fc7ad43db75/experiments/EXP-003-the-sixth-question/raw9/FBASa-r3-R1.json,
original,FBASa-r3,AS,3,a,N1,23,23,https://github.com/YeshuaGod22/DevelopmentalAttractorEngineering/blob/787d3e217a5a23564fcf65c60e9e3fc7ad43db75/experiments/EXP-003-the-sixth-question/raw9/FBASa-r3-N1.json,
original,FBASa-r3,AS,3,a,N3,42,42,https://github.com/YeshuaGod22/DevelopmentalAttractorEngineering/blob/787d3e217a5a23564fcf65c60e9e3fc7ad43db75/experiments/EXP-003-the-sixth-question/raw9/FBASa-r3-N3.json,
original,FBASa-r3,AS,3,a,P2,32,32,https://github.com/YeshuaGod22/DevelopmentalAttractorEngineering/blob/787d3e217a5a23564fcf65c60e9e3fc7ad43db75/experiments/EXP-003-the-sixth-question/raw9/FBASa-r3-P2.json,
original,FBASa-r3,AS,3,a,B01,,ALWAYS,https://github.com/YeshuaGod22/DevelopmentalAttractorEngineering/blob/787d3e217a5a23564fcf65c60e9e3fc7ad43db75/experiments/EXP-003-the-sixth-question/raw9/FBASa-r3-B01.json,
original,FBASa-r3,AS,3,a,B07,72,72,https://github.com/YeshuaGod22/DevelopmentalAttractorEngineering/blob/787d3e217a5a23564fcf65c60e9e3fc7ad43db75/experiments/EXP-003-the-sixth-question/raw9/FBASa-r3-B07.json,
original,FBASa-r3,AS,3,a,C3,42,42,https://github.com/YeshuaGod22/DevelopmentalAttractorEngineering/blob/787d3e217a5a23564fcf65c60e9e3fc7ad43db75/experiments/EXP-003-the-sixth-question/raw9/FBASa-r3-C3.json,
original,FBASa-r3,AS,3,a,A1,,missing record,,
original,FBASa-r3,AS,3,a,B02,,ALWAYS,https://github.com/YeshuaGod22/DevelopmentalAttractorEngineering/blob/787d3e217a5a23564fcf65c60e9e3fc7ad43db75/experiments/EXP-003-the-sixth-question/raw9/FBASa-r3-B02.json,
original,FBASa-r3,AS,3,a,D1,55,55,https://github.com/YeshuaGod22/DevelopmentalAttractorEngineering/blob/787d3e217a5a23564fcf65c60e9e3fc7ad43db75/experiments/EXP-003-the-sixth-question/raw9/FBASa-r3-D1.json,
original,FBASa-r3,AS,3,a,B04,5,5,https://github.com/YeshuaGod22/DevelopmentalAttractorEngineering/blob/787d3e217a5a23564fcf65c60e9e3fc7ad43db75/experiments/EXP-003-the-sixth-question/raw9/FBASa-r3-B04.json,
raw12,CP-r1,CP,1,a,R2,18.0,18.0,https://github.com/YeshuaGod22/DevelopmentalAttractorEngineering/blob/787d3e217a5a23564fcf65c60e9e3fc7ad43db75/experiments/EXP-003-the-sixth-question/raw12/CPa-r1-R2.json,mechanical_exact
raw12,CP-r1,CP,1,a,E01,65.0,65.0,https://github.com/YeshuaGod22/DevelopmentalAttractorEngineering/blob/787d3e217a5a23564fcf65c60e9e3fc7ad43db75/experiments/EXP-003-the-sixth-question/raw12/CPa-r1-E01.json,mechanical_exact
raw12,CP-r1,CP,1,a,E02,25.0,25.0,https://github.com/YeshuaGod22/DevelopmentalAttractorEngineering/blob/787d3e217a5a23564fcf65c60e9e3fc7ad43db75/experiments/EXP-003-the-sixth-question/raw12/CPa-r1-E02.json,mechanical_exact
raw12,CP-r1,CP,1,a,N9,42.0,42.0,https://github.com/YeshuaGod22/DevelopmentalAttractorEngineering/blob/787d3e217a5a23564fcf65c60e9e3fc7ad43db75/experiments/EXP-003-the-sixth-question/raw12/CPa-r1-N9.json,mechanical_exact
raw12,CP-r1,CP,1,a,D3,25.0,25.0,https://github.com/YeshuaGod22/DevelopmentalAttractorEngineering/blob/787d3e217a5a23564fcf65c60e9e3fc7ad43db75/experiments/EXP-003-the-sixth-question/raw12/CPa-r1-D3.json,mechanical_exact
raw12,CP-r1,CP,1,a,B05,,ALWAYS,https://github.com/YeshuaGod22/DevelopmentalAttractorEngineering/blob/787d3e217a5a23564fcf65c60e9e3fc7ad43db75/experiments/EXP-003-the-sixth-question/raw12/CPa-r1-B05.json,mechanical_exact
raw12,CP-r1,CP,1,a,N4,25.0,25.0,https://github.com/YeshuaGod22/DevelopmentalAttractorEngineering/blob/787d3e217a5a23564fcf65c60e9e3fc7ad43db75/experiments/EXP-003-the-sixth-question/raw12/CPa-r1-N4.json,mechanical_exact
raw12,CP-r1,CP,1,a,C1,70.0,70.0,https://github.com/YeshuaGod22/DevelopmentalAttractorEngineering/blob/787d3e217a5a23564fcf65c60e9e3fc7ad43db75/experiments/EXP-003-the-sixth-question/raw12/CPa-r1-C1.json,C1 probable orientation inversion; raw plotted
raw12,CP-r1,CP,1,a,N8,50.0,50.0,https://github.com/YeshuaGod22/DevelopmentalAttractorEngineering/blob/787d3e217a5a23564fcf65c60e9e3fc7ad43db75/experiments/EXP-003-the-sixth-question/raw12/CPa-r1-N8.json,mechanical_exact
raw12,CP-r1,CP,1,a,C4,64.0,64.0,https://github.com/YeshuaGod22/DevelopmentalAttractorEngineering/blob/787d3e217a5a23564fcf65c60e9e3fc7ad43db75/experiments/EXP-003-the-sixth-question/raw12/CPa-r1-C4.json,mechanical_exact
raw12,CP-r1,CP,1,a,C2,75.0,75.0,https://github.com/YeshuaGod22/DevelopmentalAttractorEngineering/blob/787d3e217a5a23564fcf65c60e9e3fc7ad43db75/experiments/EXP-003-the-sixth-question/raw12/CPa-r1-C2.json,mechanical_exact
raw12,CP-r1,CP,1,a,R1,90.0,90.0,https://github.com/YeshuaGod22/DevelopmentalAttractorEngineering/blob/787d3e217a5a23564fcf65c60e9e3fc7ad43db75/experiments/EXP-003-the-sixth-question/raw12/CPa-r1-R1.json,mechanical_exact
raw12,CP-r1,CP,1,a,N1,30.0,30.0,https://github.com/YeshuaGod22/DevelopmentalAttractorEngineering/blob/787d3e217a5a23564fcf65c60e9e3fc7ad43db75/experiments/EXP-003-the-sixth-question/raw12/CPa-r1-N1.json,mechanical_exact
raw12,CP-r1,CP,1,a,N3,40.0,40.0,https://github.com/YeshuaGod22/DevelopmentalAttractorEngineering/blob/787d3e217a5a23564fcf65c60e9e3fc7ad43db75/experiments/EXP-003-the-sixth-question/raw12/CPa-r1-N3.json,mechanical_exact
raw12,CP-r1,CP,1,a,P2,40.0,40.0,https://github.com/YeshuaGod22/DevelopmentalAttractorEngineering/blob/787d3e217a5a23564fcf65c60e9e3fc7ad43db75/experiments/EXP-003-the-sixth-question/raw12/CPa-r1-P2.json,mechanical_exact
raw12,CP-r1,CP,1,a,B01,35.0,35.0,https://github.com/YeshuaGod22/DevelopmentalAttractorEngineering/blob/787d3e217a5a23564fcf65c60e9e3fc7ad43db75/experiments/EXP-003-the-sixth-question/raw12/CPa-r1-B01.json,mechanical_exact
raw12,CP-r1,CP,1,a,B07,35.0,35.0,https://github.com/YeshuaGod22/DevelopmentalAttractorEngineering/blob/787d3e217a5a23564fcf65c60e9e3fc7ad43db75/experiments/EXP-003-the-sixth-question/raw12/CPa-r1-B07.json,mechanical_exact
raw12,CP-r1,CP,1,a,C3,30.0,30.0,https://github.com/YeshuaGod22/DevelopmentalAttractorEngineering/blob/787d3e217a5a23564fcf65c60e9e3fc7ad43db75/experiments/EXP-003-the-sixth-question/raw12/CPa-r1-C3.json,mechanical_exact
raw12,CP-r1,CP,1,a,A1,35.0,35.0,https://github.com/YeshuaGod22/DevelopmentalAttractorEngineering/blob/787d3e217a5a23564fcf65c60e9e3fc7ad43db75/experiments/EXP-003-the-sixth-question/raw12/CPa-r1-A1.json,mechanical_exact
raw12,CP-r1,CP,1,a,B02,25.0,25.0,https://github.com/YeshuaGod22/DevelopmentalAttractorEngineering/blob/787d3e217a5a23564fcf65c60e9e3fc7ad43db75/experiments/EXP-003-the-sixth-question/raw12/CPa-r1-B02.json,mechanical_exact
raw12,CP-r1,CP,1,a,D1,25.0,25.0,https://github.com/YeshuaGod22/DevelopmentalAttractorEngineering/blob/787d3e217a5a23564fcf65c60e9e3fc7ad43db75/experiments/EXP-003-the-sixth-question/raw12/CPa-r1-D1.json,mechanical_exact
raw12,CP-r1,CP,1,a,B04,,ALWAYS,https://github.com/YeshuaGod22/DevelopmentalAttractorEngineering/blob/787d3e217a5a23564fcf65c60e9e3fc7ad43db75/experiments/EXP-003-the-sixth-question/raw12/CPa-r1-B04.json,mechanical_exact
raw12,CP-r1,CP,1,0,R2,2.0,2.0,https://github.com/YeshuaGod22/DevelopmentalAttractorEngineering/blob/787d3e217a5a23564fcf65c60e9e3fc7ad43db75/experiments/EXP-003-the-sixth-question/raw12/CP0-r1-R2.json,mechanical_exact
raw12,CP-r1,CP,1,0,E01,71.0,71.0,https://github.com/YeshuaGod22/DevelopmentalAttractorEngineering/blob/787d3e217a5a23564fcf65c60e9e3fc7ad43db75/experiments/EXP-003-the-sixth-question/raw12/CP0-r1-E01.json,mechanical_exact
raw12,CP-r1,CP,1,0,E02,23.0,23.0,https://github.com/YeshuaGod22/DevelopmentalAttractorEngineering/blob/787d3e217a5a23564fcf65c60e9e3fc7ad43db75/experiments/EXP-003-the-sixth-question/raw12/CP0-r1-E02.json,mechanical_exact
raw12,CP-r1,CP,1,0,N9,35.0,35.0,https://github.com/YeshuaGod22/DevelopmentalAttractorEngineering/blob/787d3e217a5a23564fcf65c60e9e3fc7ad43db75/experiments/EXP-003-the-sixth-question/raw12/CP0-r1-N9.json,mechanical_exact
raw12,CP-r1,CP,1,0,D3,15.0,15.0,https://github.com/YeshuaGod22/DevelopmentalAttractorEngineering/blob/787d3e217a5a23564fcf65c60e9e3fc7ad43db75/experiments/EXP-003-the-sixth-question/raw12/CP0-r1-D3.json,mechanical_exact
raw12,CP-r1,CP,1,0,B05,0.0,0.0,https://github.com/YeshuaGod22/DevelopmentalAttractorEngineering/blob/787d3e217a5a23564fcf65c60e9e3fc7ad43db75/experiments/EXP-003-the-sixth-question/raw12/CP0-r1-B05.json,mechanical_exact
raw12,CP-r1,CP,1,0,N4,35.0,35.0,https://github.com/YeshuaGod22/DevelopmentalAttractorEngineering/blob/787d3e217a5a23564fcf65c60e9e3fc7ad43db75/experiments/EXP-003-the-sixth-question/raw12/CP0-r1-N4.json,mechanical_exact
raw12,CP-r1,CP,1,0,C1,47.0,47.0,https://github.com/YeshuaGod22/DevelopmentalAttractorEngineering/blob/787d3e217a5a23564fcf65c60e9e3fc7ad43db75/experiments/EXP-003-the-sixth-question/raw12/CP0-r1-C1.json,mechanical_exact
raw12,CP-r1,CP,1,0,N8,50.0,50.0,https://github.com/YeshuaGod22/DevelopmentalAttractorEngineering/blob/787d3e217a5a23564fcf65c60e9e3fc7ad43db75/experiments/EXP-003-the-sixth-question/raw12/CP0-r1-N8.json,mechanical_exact
raw12,CP-r1,CP,1,0,C4,25.0,25.0,https://github.com/YeshuaGod22/DevelopmentalAttractorEngineering/blob/787d3e217a5a23564fcf65c60e9e3fc7ad43db75/experiments/EXP-003-the-sixth-question/raw12/CP0-r1-C4.json,mechanical_exact
raw12,CP-r1,CP,1,0,C2,78.0,78.0,https://github.com/YeshuaGod22/DevelopmentalAttractorEngineering/blob/787d3e217a5a23564fcf65c60e9e3fc7ad43db75/experiments/EXP-003-the-sixth-question/raw12/CP0-r1-C2.json,mechanical_exact
raw12,CP-r1,CP,1,0,R1,87.0,87.0,https://github.com/YeshuaGod22/DevelopmentalAttractorEngineering/blob/787d3e217a5a23564fcf65c60e9e3fc7ad43db75/experiments/EXP-003-the-sixth-question/raw12/CP0-r1-R1.json,mechanical_exact
raw12,CP-r1,CP,1,0,N1,25.0,25.0,https://github.com/YeshuaGod22/DevelopmentalAttractorEngineering/blob/787d3e217a5a23564fcf65c60e9e3fc7ad43db75/experiments/EXP-003-the-sixth-question/raw12/CP0-r1-N1.json,mechanical_exact
raw12,CP-r1,CP,1,0,N3,40.0,40.0,https://github.com/YeshuaGod22/DevelopmentalAttractorEngineering/blob/787d3e217a5a23564fcf65c60e9e3fc7ad43db75/experiments/EXP-003-the-sixth-question/raw12/CP0-r1-N3.json,mechanical_exact
raw12,CP-r1,CP,1,0,P2,75.0,75.0,https://github.com/YeshuaGod22/DevelopmentalAttractorEngineering/blob/787d3e217a5a23564fcf65c60e9e3fc7ad43db75/experiments/EXP-003-the-sixth-question/raw12/CP0-r1-P2.json,mechanical_exact
raw12,CP-r1,CP,1,0,B01,30.0,30.0,https://github.com/YeshuaGod22/DevelopmentalAttractorEngineering/blob/787d3e217a5a23564fcf65c60e9e3fc7ad43db75/experiments/EXP-003-the-sixth-question/raw12/CP0-r1-B01.json,mechanical_exact
raw12,CP-r1,CP,1,0,B07,70.0,70.0,https://github.com/YeshuaGod22/DevelopmentalAttractorEngineering/blob/787d3e217a5a23564fcf65c60e9e3fc7ad43db75/experiments/EXP-003-the-sixth-question/raw12/CP0-r1-B07.json,mechanical_exact
raw12,CP-r1,CP,1,0,C3,20.0,20.0,https://github.com/YeshuaGod22/DevelopmentalAttractorEngineering/blob/787d3e217a5a23564fcf65c60e9e3fc7ad43db75/experiments/EXP-003-the-sixth-question/raw12/CP0-r1-C3.json,mechanical_exact
raw12,CP-r1,CP,1,0,A1,,ALWAYS,https://github.com/YeshuaGod22/DevelopmentalAttractorEngineering/blob/787d3e217a5a23564fcf65c60e9e3fc7ad43db75/experiments/EXP-003-the-sixth-question/raw12/CP0-r1-A1.json,mechanical_exact
raw12,CP-r1,CP,1,0,B02,,ALWAYS,https://github.com/YeshuaGod22/DevelopmentalAttractorEngineering/blob/787d3e217a5a23564fcf65c60e9e3fc7ad43db75/experiments/EXP-003-the-sixth-question/raw12/CP0-r1-B02.json,mechanical_exact
raw12,CP-r1,CP,1,0,D1,35.0,35.0,https://github.com/YeshuaGod22/DevelopmentalAttractorEngineering/blob/787d3e217a5a23564fcf65c60e9e3fc7ad43db75/experiments/EXP-003-the-sixth-question/raw12/CP0-r1-D1.json,mechanical_exact
raw12,CP-r1,CP,1,0,B04,10.0,10.0,https://github.com/YeshuaGod22/DevelopmentalAttractorEngineering/blob/787d3e217a5a23564fcf65c60e9e3fc7ad43db75/experiments/EXP-003-the-sixth-question/raw12/CP0-r1-B04.json,mechanical_exact
raw12,CP-r2,CP,2,a,R2,1.0,1.0,https://github.com/YeshuaGod22/DevelopmentalAttractorEngineering/blob/787d3e217a5a23564fcf65c60e9e3fc7ad43db75/experiments/EXP-003-the-sixth-question/raw12/CPa-r2-R2.json,mechanical_exact
raw12,CP-r2,CP,2,a,E01,25.0,25.0,https://github.com/YeshuaGod22/DevelopmentalAttractorEngineering/blob/787d3e217a5a23564fcf65c60e9e3fc7ad43db75/experiments/EXP-003-the-sixth-question/raw12/CPa-r2-E01.json,mechanical_exact
raw12,CP-r2,CP,2,a,E02,40.0,40.0,https://github.com/YeshuaGod22/DevelopmentalAttractorEngineering/blob/787d3e217a5a23564fcf65c60e9e3fc7ad43db75/experiments/EXP-003-the-sixth-question/raw12/CPa-r2-E02.json,mechanical_exact
raw12,CP-r2,CP,2,a,N9,38.0,38.0,https://github.com/YeshuaGod22/DevelopmentalAttractorEngineering/blob/787d3e217a5a23564fcf65c60e9e3fc7ad43db75/experiments/EXP-003-the-sixth-question/raw12/CPa-r2-N9.json,mechanical_exact
raw12,CP-r2,CP,2,a,D3,8.0,8.0,https://github.com/YeshuaGod22/DevelopmentalAttractorEngineering/blob/787d3e217a5a23564fcf65c60e9e3fc7ad43db75/experiments/EXP-003-the-sixth-question/raw12/CPa-r2-D3.json,mechanical_exact
raw12,CP-r2,CP,2,a,B05,25.0,25.0,https://github.com/YeshuaGod22/DevelopmentalAttractorEngineering/blob/787d3e217a5a23564fcf65c60e9e3fc7ad43db75/experiments/EXP-003-the-sixth-question/raw12/CPa-r2-B05.json,mechanical_exact
raw12,CP-r2,CP,2,a,N4,25.0,25.0,https://github.com/YeshuaGod22/DevelopmentalAttractorEngineering/blob/787d3e217a5a23564fcf65c60e9e3fc7ad43db75/experiments/EXP-003-the-sixth-question/raw12/CPa-r2-N4.json,mechanical_exact
raw12,CP-r2,CP,2,a,C1,30.0,30.0,https://github.com/YeshuaGod22/DevelopmentalAttractorEngineering/blob/787d3e217a5a23564fcf65c60e9e3fc7ad43db75/experiments/EXP-003-the-sixth-question/raw12/CPa-r2-C1.json,mechanical_exact
raw12,CP-r2,CP,2,a,N8,50.0,50.0,https://github.com/YeshuaGod22/DevelopmentalAttractorEngineering/blob/787d3e217a5a23564fcf65c60e9e3fc7ad43db75/experiments/EXP-003-the-sixth-question/raw12/CPa-r2-N8.json,mechanical_exact
raw12,CP-r2,CP,2,a,C4,45.0,45.0,https://github.com/YeshuaGod22/DevelopmentalAttractorEngineering/blob/787d3e217a5a23564fcf65c60e9e3fc7ad43db75/experiments/EXP-003-the-sixth-question/raw12/CPa-r2-C4.json,mechanical_exact
raw12,CP-r2,CP,2,a,C2,84.0,84.0,https://github.com/YeshuaGod22/DevelopmentalAttractorEngineering/blob/787d3e217a5a23564fcf65c60e9e3fc7ad43db75/experiments/EXP-003-the-sixth-question/raw12/CPa-r2-C2.json,mechanical_exact
raw12,CP-r2,CP,2,a,R1,85.0,85.0,https://github.com/YeshuaGod22/DevelopmentalAttractorEngineering/blob/787d3e217a5a23564fcf65c60e9e3fc7ad43db75/experiments/EXP-003-the-sixth-question/raw12/CPa-r2-R1.json,mechanical_exact
raw12,CP-r2,CP,2,a,N1,32.0,32.0,https://github.com/YeshuaGod22/DevelopmentalAttractorEngineering/blob/787d3e217a5a23564fcf65c60e9e3fc7ad43db75/experiments/EXP-003-the-sixth-question/raw12/CPa-r2-N1.json,mechanical_exact
raw12,CP-r2,CP,2,a,N3,40.0,40.0,https://github.com/YeshuaGod22/DevelopmentalAttractorEngineering/blob/787d3e217a5a23564fcf65c60e9e3fc7ad43db75/experiments/EXP-003-the-sixth-question/raw12/CPa-r2-N3.json,mechanical_exact
raw12,CP-r2,CP,2,a,P2,73.0,73.0,https://github.com/YeshuaGod22/DevelopmentalAttractorEngineering/blob/787d3e217a5a23564fcf65c60e9e3fc7ad43db75/experiments/EXP-003-the-sixth-question/raw12/CPa-r2-P2.json,mechanical_exact
raw12,CP-r2,CP,2,a,B01,50.0,50.0,https://github.com/YeshuaGod22/DevelopmentalAttractorEngineering/blob/787d3e217a5a23564fcf65c60e9e3fc7ad43db75/experiments/EXP-003-the-sixth-question/raw12/CPa-r2-B01.json,mechanical_exact
raw12,CP-r2,CP,2,a,B07,25.0,25.0,https://github.com/YeshuaGod22/DevelopmentalAttractorEngineering/blob/787d3e217a5a23564fcf65c60e9e3fc7ad43db75/experiments/EXP-003-the-sixth-question/raw12/CPa-r2-B07.json,mechanical_exact
raw12,CP-r2,CP,2,a,C3,25.0,25.0,https://github.com/YeshuaGod22/DevelopmentalAttractorEngineering/blob/787d3e217a5a23564fcf65c60e9e3fc7ad43db75/experiments/EXP-003-the-sixth-question/raw12/CPa-r2-C3.json,mechanical_exact
raw12,CP-r2,CP,2,a,A1,25.0,25.0,https://github.com/YeshuaGod22/DevelopmentalAttractorEngineering/blob/787d3e217a5a23564fcf65c60e9e3fc7ad43db75/experiments/EXP-003-the-sixth-question/raw12/CPa-r2-A1.json,mechanical_exact
raw12,CP-r2,CP,2,a,B02,30.0,30.0,https://github.com/YeshuaGod22/DevelopmentalAttractorEngineering/blob/787d3e217a5a23564fcf65c60e9e3fc7ad43db75/experiments/EXP-003-the-sixth-question/raw12/CPa-r2-B02.json,mechanical_exact
raw12,CP-r2,CP,2,a,D1,40.0,40.0,https://github.com/YeshuaGod22/DevelopmentalAttractorEngineering/blob/787d3e217a5a23564fcf65c60e9e3fc7ad43db75/experiments/EXP-003-the-sixth-question/raw12/CPa-r2-D1.json,mechanical_exact
raw12,CP-r2,CP,2,a,B04,10.0,10.0,https://github.com/YeshuaGod22/DevelopmentalAttractorEngineering/blob/787d3e217a5a23564fcf65c60e9e3fc7ad43db75/experiments/EXP-003-the-sixth-question/raw12/CPa-r2-B04.json,mechanical_exact
raw12,CP-r2,CP,2,0,R2,2.0,2.0,https://github.com/YeshuaGod22/DevelopmentalAttractorEngineering/blob/787d3e217a5a23564fcf65c60e9e3fc7ad43db75/experiments/EXP-003-the-sixth-question/raw12/CP0-r2-R2.json,mechanical_exact
raw12,CP-r2,CP,2,0,E01,42.0,42.0,https://github.com/YeshuaGod22/DevelopmentalAttractorEngineering/blob/787d3e217a5a23564fcf65c60e9e3fc7ad43db75/experiments/EXP-003-the-sixth-question/raw12/CP0-r2-E01.json,manual_adjudication
raw12,CP-r2,CP,2,0,E02,12.0,12.0,https://github.com/YeshuaGod22/DevelopmentalAttractorEngineering/blob/787d3e217a5a23564fcf65c60e9e3fc7ad43db75/experiments/EXP-003-the-sixth-question/raw12/CP0-r2-E02.json,mechanical_exact
raw12,CP-r2,CP,2,0,N9,38.0,38.0,https://github.com/YeshuaGod22/DevelopmentalAttractorEngineering/blob/787d3e217a5a23564fcf65c60e9e3fc7ad43db75/experiments/EXP-003-the-sixth-question/raw12/CP0-r2-N9.json,mechanical_exact
raw12,CP-r2,CP,2,0,D3,15.0,15.0,https://github.com/YeshuaGod22/DevelopmentalAttractorEngineering/blob/787d3e217a5a23564fcf65c60e9e3fc7ad43db75/experiments/EXP-003-the-sixth-question/raw12/CP0-r2-D3.json,mechanical_exact
raw12,CP-r2,CP,2,0,B05,10.0,10.0,https://github.com/YeshuaGod22/DevelopmentalAttractorEngineering/blob/787d3e217a5a23564fcf65c60e9e3fc7ad43db75/experiments/EXP-003-the-sixth-question/raw12/CP0-r2-B05.json,mechanical_exact
raw12,CP-r2,CP,2,0,N4,25.0,25.0,https://github.com/YeshuaGod22/DevelopmentalAttractorEngineering/blob/787d3e217a5a23564fcf65c60e9e3fc7ad43db75/experiments/EXP-003-the-sixth-question/raw12/CP0-r2-N4.json,mechanical_exact
raw12,CP-r2,CP,2,0,C1,35.0,35.0,https://github.com/YeshuaGod22/DevelopmentalAttractorEngineering/blob/787d3e217a5a23564fcf65c60e9e3fc7ad43db75/experiments/EXP-003-the-sixth-question/raw12/CP0-r2-C1.json,mechanical_exact
raw12,CP-r2,CP,2,0,N8,50.0,50.0,https://github.com/YeshuaGod22/DevelopmentalAttractorEngineering/blob/787d3e217a5a23564fcf65c60e9e3fc7ad43db75/experiments/EXP-003-the-sixth-question/raw12/CP0-r2-N8.json,mechanical_exact
raw12,CP-r2,CP,2,0,C4,35.0,35.0,https://github.com/YeshuaGod22/DevelopmentalAttractorEngineering/blob/787d3e217a5a23564fcf65c60e9e3fc7ad43db75/experiments/EXP-003-the-sixth-question/raw12/CP0-r2-C4.json,mechanical_exact
raw12,CP-r2,CP,2,0,C2,60.0,60.0,https://github.com/YeshuaGod22/DevelopmentalAttractorEngineering/blob/787d3e217a5a23564fcf65c60e9e3fc7ad43db75/experiments/EXP-003-the-sixth-question/raw12/CP0-r2-C2.json,mechanical_exact
raw12,CP-r2,CP,2,0,R1,88.0,88.0,https://github.com/YeshuaGod22/DevelopmentalAttractorEngineering/blob/787d3e217a5a23564fcf65c60e9e3fc7ad43db75/experiments/EXP-003-the-sixth-question/raw12/CP0-r2-R1.json,mechanical_exact
raw12,CP-r2,CP,2,0,N1,38.0,38.0,https://github.com/YeshuaGod22/DevelopmentalAttractorEngineering/blob/787d3e217a5a23564fcf65c60e9e3fc7ad43db75/experiments/EXP-003-the-sixth-question/raw12/CP0-r2-N1.json,mechanical_exact
raw12,CP-r2,CP,2,0,N3,80.0,80.0,https://github.com/YeshuaGod22/DevelopmentalAttractorEngineering/blob/787d3e217a5a23564fcf65c60e9e3fc7ad43db75/experiments/EXP-003-the-sixth-question/raw12/CP0-r2-N3.json,mechanical_exact
raw12,CP-r2,CP,2,0,P2,72.0,72.0,https://github.com/YeshuaGod22/DevelopmentalAttractorEngineering/blob/787d3e217a5a23564fcf65c60e9e3fc7ad43db75/experiments/EXP-003-the-sixth-question/raw12/CP0-r2-P2.json,mechanical_exact
raw12,CP-r2,CP,2,0,B01,40.0,40.0,https://github.com/YeshuaGod22/DevelopmentalAttractorEngineering/blob/787d3e217a5a23564fcf65c60e9e3fc7ad43db75/experiments/EXP-003-the-sixth-question/raw12/CP0-r2-B01.json,mechanical_exact
raw12,CP-r2,CP,2,0,B07,40.0,40.0,https://github.com/YeshuaGod22/DevelopmentalAttractorEngineering/blob/787d3e217a5a23564fcf65c60e9e3fc7ad43db75/experiments/EXP-003-the-sixth-question/raw12/CP0-r2-B07.json,mechanical_exact
raw12,CP-r2,CP,2,0,C3,18.0,18.0,https://github.com/YeshuaGod22/DevelopmentalAttractorEngineering/blob/787d3e217a5a23564fcf65c60e9e3fc7ad43db75/experiments/EXP-003-the-sixth-question/raw12/CP0-r2-C3.json,mechanical_exact
raw12,CP-r2,CP,2,0,A1,25.0,25.0,https://github.com/YeshuaGod22/DevelopmentalAttractorEngineering/blob/787d3e217a5a23564fcf65c60e9e3fc7ad43db75/experiments/EXP-003-the-sixth-question/raw12/CP0-r2-A1.json,mechanical_exact
raw12,CP-r2,CP,2,0,B02,5.0,5.0,https://github.com/YeshuaGod22/DevelopmentalAttractorEngineering/blob/787d3e217a5a23564fcf65c60e9e3fc7ad43db75/experiments/EXP-003-the-sixth-question/raw12/CP0-r2-B02.json,mechanical_exact
raw12,CP-r2,CP,2,0,D1,45.0,45.0,https://github.com/YeshuaGod22/DevelopmentalAttractorEngineering/blob/787d3e217a5a23564fcf65c60e9e3fc7ad43db75/experiments/EXP-003-the-sixth-question/raw12/CP0-r2-D1.json,mechanical_exact
raw12,CP-r2,CP,2,0,B04,10.0,10.0,https://github.com/YeshuaGod22/DevelopmentalAttractorEngineering/blob/787d3e217a5a23564fcf65c60e9e3fc7ad43db75/experiments/EXP-003-the-sixth-question/raw12/CP0-r2-B04.json,mechanical_exact
raw12,CP-r3,CP,3,a,R2,1.0,1.0,https://github.com/YeshuaGod22/DevelopmentalAttractorEngineering/blob/787d3e217a5a23564fcf65c60e9e3fc7ad43db75/experiments/EXP-003-the-sixth-question/raw12/CPa-r3-R2.json,mechanical_exact
raw12,CP-r3,CP,3,a,E01,72.0,72.0,https://github.com/YeshuaGod22/DevelopmentalAttractorEngineering/blob/787d3e217a5a23564fcf65c60e9e3fc7ad43db75/experiments/EXP-003-the-sixth-question/raw12/CPa-r3-E01.json,mechanical_exact
raw12,CP-r3,CP,3,a,E02,18.0,18.0,https://github.com/YeshuaGod22/DevelopmentalAttractorEngineering/blob/787d3e217a5a23564fcf65c60e9e3fc7ad43db75/experiments/EXP-003-the-sixth-question/raw12/CPa-r3-E02.json,mechanical_exact
raw12,CP-r3,CP,3,a,N9,28.0,28.0,https://github.com/YeshuaGod22/DevelopmentalAttractorEngineering/blob/787d3e217a5a23564fcf65c60e9e3fc7ad43db75/experiments/EXP-003-the-sixth-question/raw12/CPa-r3-N9.json,mechanical_exact
raw12,CP-r3,CP,3,a,D3,12.0,12.0,https://github.com/YeshuaGod22/DevelopmentalAttractorEngineering/blob/787d3e217a5a23564fcf65c60e9e3fc7ad43db75/experiments/EXP-003-the-sixth-question/raw12/CPa-r3-D3.json,manual_adjudication
raw12,CP-r3,CP,3,a,B05,50.0,50.0,https://github.com/YeshuaGod22/DevelopmentalAttractorEngineering/blob/787d3e217a5a23564fcf65c60e9e3fc7ad43db75/experiments/EXP-003-the-sixth-question/raw12/CPa-r3-B05.json,mechanical_exact
raw12,CP-r3,CP,3,a,N4,12.0,12.0,https://github.com/YeshuaGod22/DevelopmentalAttractorEngineering/blob/787d3e217a5a23564fcf65c60e9e3fc7ad43db75/experiments/EXP-003-the-sixth-question/raw12/CPa-r3-N4.json,mechanical_exact
raw12,CP-r3,CP,3,a,C1,30.0,30.0,https://github.com/YeshuaGod22/DevelopmentalAttractorEngineering/blob/787d3e217a5a23564fcf65c60e9e3fc7ad43db75/experiments/EXP-003-the-sixth-question/raw12/CPa-r3-C1.json,mechanical_exact
raw12,CP-r3,CP,3,a,N8,50.0,50.0,https://github.com/YeshuaGod22/DevelopmentalAttractorEngineering/blob/787d3e217a5a23564fcf65c60e9e3fc7ad43db75/experiments/EXP-003-the-sixth-question/raw12/CPa-r3-N8.json,mechanical_exact
raw12,CP-r3,CP,3,a,C4,68.0,68.0,https://github.com/YeshuaGod22/DevelopmentalAttractorEngineering/blob/787d3e217a5a23564fcf65c60e9e3fc7ad43db75/experiments/EXP-003-the-sixth-question/raw12/CPa-r3-C4.json,mechanical_exact
raw12,CP-r3,CP,3,a,C2,75.0,75.0,https://github.com/YeshuaGod22/DevelopmentalAttractorEngineering/blob/787d3e217a5a23564fcf65c60e9e3fc7ad43db75/experiments/EXP-003-the-sixth-question/raw12/CPa-r3-C2.json,mechanical_exact
raw12,CP-r3,CP,3,a,R1,95.0,95.0,https://github.com/YeshuaGod22/DevelopmentalAttractorEngineering/blob/787d3e217a5a23564fcf65c60e9e3fc7ad43db75/experiments/EXP-003-the-sixth-question/raw12/CPa-r3-R1.json,mechanical_exact
raw12,CP-r3,CP,3,a,N1,60.0,60.0,https://github.com/YeshuaGod22/DevelopmentalAttractorEngineering/blob/787d3e217a5a23564fcf65c60e9e3fc7ad43db75/experiments/EXP-003-the-sixth-question/raw12/CPa-r3-N1.json,mechanical_exact
raw12,CP-r3,CP,3,a,N3,38.0,38.0,https://github.com/YeshuaGod22/DevelopmentalAttractorEngineering/blob/787d3e217a5a23564fcf65c60e9e3fc7ad43db75/experiments/EXP-003-the-sixth-question/raw12/CPa-r3-N3.json,mechanical_exact
raw12,CP-r3,CP,3,a,P2,74.0,74.0,https://github.com/YeshuaGod22/DevelopmentalAttractorEngineering/blob/787d3e217a5a23564fcf65c60e9e3fc7ad43db75/experiments/EXP-003-the-sixth-question/raw12/CPa-r3-P2.json,mechanical_exact
raw12,CP-r3,CP,3,a,B01,90.0,90.0,https://github.com/YeshuaGod22/DevelopmentalAttractorEngineering/blob/787d3e217a5a23564fcf65c60e9e3fc7ad43db75/experiments/EXP-003-the-sixth-question/raw12/CPa-r3-B01.json,mechanical_exact
raw12,CP-r3,CP,3,a,B07,70.0,70.0,https://github.com/YeshuaGod22/DevelopmentalAttractorEngineering/blob/787d3e217a5a23564fcf65c60e9e3fc7ad43db75/experiments/EXP-003-the-sixth-question/raw12/CPa-r3-B07.json,mechanical_exact
raw12,CP-r3,CP,3,a,C3,60.0,60.0,https://github.com/YeshuaGod22/DevelopmentalAttractorEngineering/blob/787d3e217a5a23564fcf65c60e9e3fc7ad43db75/experiments/EXP-003-the-sixth-question/raw12/CPa-r3-C3.json,mechanical_exact
raw12,CP-r3,CP,3,a,A1,35.0,35.0,https://github.com/YeshuaGod22/DevelopmentalAttractorEngineering/blob/787d3e217a5a23564fcf65c60e9e3fc7ad43db75/experiments/EXP-003-the-sixth-question/raw12/CPa-r3-A1.json,mechanical_exact
raw12,CP-r3,CP,3,a,B02,40.0,40.0,https://github.com/YeshuaGod22/DevelopmentalAttractorEngineering/blob/787d3e217a5a23564fcf65c60e9e3fc7ad43db75/experiments/EXP-003-the-sixth-question/raw12/CPa-r3-B02.json,mechanical_exact
raw12,CP-r3,CP,3,a,D1,30.0,30.0,https://github.com/YeshuaGod22/DevelopmentalAttractorEngineering/blob/787d3e217a5a23564fcf65c60e9e3fc7ad43db75/experiments/EXP-003-the-sixth-question/raw12/CPa-r3-D1.json,mechanical_exact
raw12,CP-r3,CP,3,a,B04,5.0,5.0,https://github.com/YeshuaGod22/DevelopmentalAttractorEngineering/blob/787d3e217a5a23564fcf65c60e9e3fc7ad43db75/experiments/EXP-003-the-sixth-question/raw12/CPa-r3-B04.json,mechanical_exact
raw12,CP-r3,CP,3,0,R2,2.0,2.0,https://github.com/YeshuaGod22/DevelopmentalAttractorEngineering/blob/787d3e217a5a23564fcf65c60e9e3fc7ad43db75/experiments/EXP-003-the-sixth-question/raw12/CP0-r3-R2.json,mechanical_exact
raw12,CP-r3,CP,3,0,E01,72.0,72.0,https://github.com/YeshuaGod22/DevelopmentalAttractorEngineering/blob/787d3e217a5a23564fcf65c60e9e3fc7ad43db75/experiments/EXP-003-the-sixth-question/raw12/CP0-r3-E01.json,mechanical_exact
raw12,CP-r3,CP,3,0,E02,15.0,15.0,https://github.com/YeshuaGod22/DevelopmentalAttractorEngineering/blob/787d3e217a5a23564fcf65c60e9e3fc7ad43db75/experiments/EXP-003-the-sixth-question/raw12/CP0-r3-E02.json,mechanical_exact
raw12,CP-r3,CP,3,0,N9,35.0,35.0,https://github.com/YeshuaGod22/DevelopmentalAttractorEngineering/blob/787d3e217a5a23564fcf65c60e9e3fc7ad43db75/experiments/EXP-003-the-sixth-question/raw12/CP0-r3-N9.json,mechanical_exact
raw12,CP-r3,CP,3,0,D3,25.0,25.0,https://github.com/YeshuaGod22/DevelopmentalAttractorEngineering/blob/787d3e217a5a23564fcf65c60e9e3fc7ad43db75/experiments/EXP-003-the-sixth-question/raw12/CP0-r3-D3.json,mechanical_exact
raw12,CP-r3,CP,3,0,B05,25.0,25.0,https://github.com/YeshuaGod22/DevelopmentalAttractorEngineering/blob/787d3e217a5a23564fcf65c60e9e3fc7ad43db75/experiments/EXP-003-the-sixth-question/raw12/CP0-r3-B05.json,mechanical_exact
raw12,CP-r3,CP,3,0,N4,32.0,32.0,https://github.com/YeshuaGod22/DevelopmentalAttractorEngineering/blob/787d3e217a5a23564fcf65c60e9e3fc7ad43db75/experiments/EXP-003-the-sixth-question/raw12/CP0-r3-N4.json,mechanical_exact
raw12,CP-r3,CP,3,0,C1,68.0,68.0,https://github.com/YeshuaGod22/DevelopmentalAttractorEngineering/blob/787d3e217a5a23564fcf65c60e9e3fc7ad43db75/experiments/EXP-003-the-sixth-question/raw12/CP0-r3-C1.json,C1 probable orientation inversion; raw plotted
raw12,CP-r3,CP,3,0,N8,50.0,50.0,https://github.com/YeshuaGod22/DevelopmentalAttractorEngineering/blob/787d3e217a5a23564fcf65c60e9e3fc7ad43db75/experiments/EXP-003-the-sixth-question/raw12/CP0-r3-N8.json,mechanical_exact
raw12,CP-r3,CP,3,0,C4,58.0,58.0,https://github.com/YeshuaGod22/DevelopmentalAttractorEngineering/blob/787d3e217a5a23564fcf65c60e9e3fc7ad43db75/experiments/EXP-003-the-sixth-question/raw12/CP0-r3-C4.json,mechanical_exact
raw12,CP-r3,CP,3,0,C2,75.0,75.0,https://github.com/YeshuaGod22/DevelopmentalAttractorEngineering/blob/787d3e217a5a23564fcf65c60e9e3fc7ad43db75/experiments/EXP-003-the-sixth-question/raw12/CP0-r3-C2.json,mechanical_exact
raw12,CP-r3,CP,3,0,R1,95.0,95.0,https://github.com/YeshuaGod22/DevelopmentalAttractorEngineering/blob/787d3e217a5a23564fcf65c60e9e3fc7ad43db75/experiments/EXP-003-the-sixth-question/raw12/CP0-r3-R1.json,mechanical_exact
raw12,CP-r3,CP,3,0,N1,35.0,35.0,https://github.com/YeshuaGod22/DevelopmentalAttractorEngineering/blob/787d3e217a5a23564fcf65c60e9e3fc7ad43db75/experiments/EXP-003-the-sixth-question/raw12/CP0-r3-N1.json,mechanical_exact
raw12,CP-r3,CP,3,0,N3,32.0,32.0,https://github.com/YeshuaGod22/DevelopmentalAttractorEngineering/blob/787d3e217a5a23564fcf65c60e9e3fc7ad43db75/experiments/EXP-003-the-sixth-question/raw12/CP0-r3-N3.json,mechanical_exact
raw12,CP-r3,CP,3,0,P2,58.0,58.0,https://github.com/YeshuaGod22/DevelopmentalAttractorEngineering/blob/787d3e217a5a23564fcf65c60e9e3fc7ad43db75/experiments/EXP-003-the-sixth-question/raw12/CP0-r3-P2.json,mechanical_exact
raw12,CP-r3,CP,3,0,B01,60.0,60.0,https://github.com/YeshuaGod22/DevelopmentalAttractorEngineering/blob/787d3e217a5a23564fcf65c60e9e3fc7ad43db75/experiments/EXP-003-the-sixth-question/raw12/CP0-r3-B01.json,mechanical_exact
raw12,CP-r3,CP,3,0,B07,40.0,40.0,https://github.com/YeshuaGod22/DevelopmentalAttractorEngineering/blob/787d3e217a5a23564fcf65c60e9e3fc7ad43db75/experiments/EXP-003-the-sixth-question/raw12/CP0-r3-B07.json,mechanical_exact
raw12,CP-r3,CP,3,0,C3,73.0,73.0,https://github.com/YeshuaGod22/DevelopmentalAttractorEngineering/blob/787d3e217a5a23564fcf65c60e9e3fc7ad43db75/experiments/EXP-003-the-sixth-question/raw12/CP0-r3-C3.json,mechanical_exact
raw12,CP-r3,CP,3,0,A1,,ALWAYS,https://github.com/YeshuaGod22/DevelopmentalAttractorEngineering/blob/787d3e217a5a23564fcf65c60e9e3fc7ad43db75/experiments/EXP-003-the-sixth-question/raw12/CP0-r3-A1.json,mechanical_exact
raw12,CP-r3,CP,3,0,B02,20.0,20.0,https://github.com/YeshuaGod22/DevelopmentalAttractorEngineering/blob/787d3e217a5a23564fcf65c60e9e3fc7ad43db75/experiments/EXP-003-the-sixth-question/raw12/CP0-r3-B02.json,mechanical_exact
raw12,CP-r3,CP,3,0,D1,25.0,25.0,https://github.com/YeshuaGod22/DevelopmentalAttractorEngineering/blob/787d3e217a5a23564fcf65c60e9e3fc7ad43db75/experiments/EXP-003-the-sixth-question/raw12/CP0-r3-D1.json,mechanical_exact
raw12,CP-r3,CP,3,0,B04,10.0,10.0,https://github.com/YeshuaGod22/DevelopmentalAttractorEngineering/blob/787d3e217a5a23564fcf65c60e9e3fc7ad43db75/experiments/EXP-003-the-sixth-question/raw12/CP0-r3-B04.json,mechanical_exact
raw12,H-r1,H,1,a,R2,3.0,3.0,https://github.com/YeshuaGod22/DevelopmentalAttractorEngineering/blob/787d3e217a5a23564fcf65c60e9e3fc7ad43db75/experiments/EXP-003-the-sixth-question/raw12/Ha-r1-R2.json,mechanical_exact
raw12,H-r1,H,1,a,E01,30.0,30.0,https://github.com/YeshuaGod22/DevelopmentalAttractorEngineering/blob/787d3e217a5a23564fcf65c60e9e3fc7ad43db75/experiments/EXP-003-the-sixth-question/raw12/Ha-r1-E01.json,mechanical_exact
raw12,H-r1,H,1,a,E02,55.0,55.0,https://github.com/YeshuaGod22/DevelopmentalAttractorEngineering/blob/787d3e217a5a23564fcf65c60e9e3fc7ad43db75/experiments/EXP-003-the-sixth-question/raw12/Ha-r1-E02.json,mechanical_exact
raw12,H-r1,H,1,a,N9,60.0,60.0,https://github.com/YeshuaGod22/DevelopmentalAttractorEngineering/blob/787d3e217a5a23564fcf65c60e9e3fc7ad43db75/experiments/EXP-003-the-sixth-question/raw12/Ha-r1-N9.json,mechanical_exact
raw12,H-r1,H,1,a,D3,15.0,15.0,https://github.com/YeshuaGod22/DevelopmentalAttractorEngineering/blob/787d3e217a5a23564fcf65c60e9e3fc7ad43db75/experiments/EXP-003-the-sixth-question/raw12/Ha-r1-D3.json,mechanical_exact
raw12,H-r1,H,1,a,B05,15.0,15.0,https://github.com/YeshuaGod22/DevelopmentalAttractorEngineering/blob/787d3e217a5a23564fcf65c60e9e3fc7ad43db75/experiments/EXP-003-the-sixth-question/raw12/Ha-r1-B05.json,mechanical_exact
raw12,H-r1,H,1,a,N4,20.0,20.0,https://github.com/YeshuaGod22/DevelopmentalAttractorEngineering/blob/787d3e217a5a23564fcf65c60e9e3fc7ad43db75/experiments/EXP-003-the-sixth-question/raw12/Ha-r1-N4.json,mechanical_exact
raw12,H-r1,H,1,a,C1,23.0,23.0,https://github.com/YeshuaGod22/DevelopmentalAttractorEngineering/blob/787d3e217a5a23564fcf65c60e9e3fc7ad43db75/experiments/EXP-003-the-sixth-question/raw12/Ha-r1-C1.json,mechanical_exact
raw12,H-r1,H,1,a,N8,50.0,50.0,https://github.com/YeshuaGod22/DevelopmentalAttractorEngineering/blob/787d3e217a5a23564fcf65c60e9e3fc7ad43db75/experiments/EXP-003-the-sixth-question/raw12/Ha-r1-N8.json,mechanical_exact
raw12,H-r1,H,1,a,C4,70.0,70.0,https://github.com/YeshuaGod22/DevelopmentalAttractorEngineering/blob/787d3e217a5a23564fcf65c60e9e3fc7ad43db75/experiments/EXP-003-the-sixth-question/raw12/Ha-r1-C4.json,mechanical_exact
raw12,H-r1,H,1,a,C2,75.0,75.0,https://github.com/YeshuaGod22/DevelopmentalAttractorEngineering/blob/787d3e217a5a23564fcf65c60e9e3fc7ad43db75/experiments/EXP-003-the-sixth-question/raw12/Ha-r1-C2.json,mechanical_exact
raw12,H-r1,H,1,a,R1,90.0,90.0,https://github.com/YeshuaGod22/DevelopmentalAttractorEngineering/blob/787d3e217a5a23564fcf65c60e9e3fc7ad43db75/experiments/EXP-003-the-sixth-question/raw12/Ha-r1-R1.json,mechanical_exact
raw12,H-r1,H,1,a,N1,20.0,20.0,https://github.com/YeshuaGod22/DevelopmentalAttractorEngineering/blob/787d3e217a5a23564fcf65c60e9e3fc7ad43db75/experiments/EXP-003-the-sixth-question/raw12/Ha-r1-N1.json,mechanical_exact
raw12,H-r1,H,1,a,N3,73.0,73.0,https://github.com/YeshuaGod22/DevelopmentalAttractorEngineering/blob/787d3e217a5a23564fcf65c60e9e3fc7ad43db75/experiments/EXP-003-the-sixth-question/raw12/Ha-r1-N3.json,mechanical_exact
raw12,H-r1,H,1,a,P2,70.0,70.0,https://github.com/YeshuaGod22/DevelopmentalAttractorEngineering/blob/787d3e217a5a23564fcf65c60e9e3fc7ad43db75/experiments/EXP-003-the-sixth-question/raw12/Ha-r1-P2.json,mechanical_exact
raw12,H-r1,H,1,a,B01,45.0,45.0,https://github.com/YeshuaGod22/DevelopmentalAttractorEngineering/blob/787d3e217a5a23564fcf65c60e9e3fc7ad43db75/experiments/EXP-003-the-sixth-question/raw12/Ha-r1-B01.json,mechanical_exact
raw12,H-r1,H,1,a,B07,50.0,50.0,https://github.com/YeshuaGod22/DevelopmentalAttractorEngineering/blob/787d3e217a5a23564fcf65c60e9e3fc7ad43db75/experiments/EXP-003-the-sixth-question/raw12/Ha-r1-B07.json,mechanical_exact
raw12,H-r1,H,1,a,C3,27.0,27.0,https://github.com/YeshuaGod22/DevelopmentalAttractorEngineering/blob/787d3e217a5a23564fcf65c60e9e3fc7ad43db75/experiments/EXP-003-the-sixth-question/raw12/Ha-r1-C3.json,mechanical_exact
raw12,H-r1,H,1,a,A1,15.0,15.0,https://github.com/YeshuaGod22/DevelopmentalAttractorEngineering/blob/787d3e217a5a23564fcf65c60e9e3fc7ad43db75/experiments/EXP-003-the-sixth-question/raw12/Ha-r1-A1.json,mechanical_exact
raw12,H-r1,H,1,a,B02,25.0,25.0,https://github.com/YeshuaGod22/DevelopmentalAttractorEngineering/blob/787d3e217a5a23564fcf65c60e9e3fc7ad43db75/experiments/EXP-003-the-sixth-question/raw12/Ha-r1-B02.json,mechanical_exact
raw12,H-r1,H,1,a,D1,30.0,30.0,https://github.com/YeshuaGod22/DevelopmentalAttractorEngineering/blob/787d3e217a5a23564fcf65c60e9e3fc7ad43db75/experiments/EXP-003-the-sixth-question/raw12/Ha-r1-D1.json,mechanical_exact
raw12,H-r1,H,1,a,B04,20.0,20.0,https://github.com/YeshuaGod22/DevelopmentalAttractorEngineering/blob/787d3e217a5a23564fcf65c60e9e3fc7ad43db75/experiments/EXP-003-the-sixth-question/raw12/Ha-r1-B04.json,mechanical_exact
raw12,H-r1,H,1,0,R2,2.0,2.0,https://github.com/YeshuaGod22/DevelopmentalAttractorEngineering/blob/787d3e217a5a23564fcf65c60e9e3fc7ad43db75/experiments/EXP-003-the-sixth-question/raw12/H0-r1-R2.json,mechanical_exact
raw12,H-r1,H,1,0,E01,25.0,25.0,https://github.com/YeshuaGod22/DevelopmentalAttractorEngineering/blob/787d3e217a5a23564fcf65c60e9e3fc7ad43db75/experiments/EXP-003-the-sixth-question/raw12/H0-r1-E01.json,mechanical_exact
raw12,H-r1,H,1,0,E02,37.0,37.0,https://github.com/YeshuaGod22/DevelopmentalAttractorEngineering/blob/787d3e217a5a23564fcf65c60e9e3fc7ad43db75/experiments/EXP-003-the-sixth-question/raw12/H0-r1-E02.json,mechanical_exact
raw12,H-r1,H,1,0,N9,38.0,38.0,https://github.com/YeshuaGod22/DevelopmentalAttractorEngineering/blob/787d3e217a5a23564fcf65c60e9e3fc7ad43db75/experiments/EXP-003-the-sixth-question/raw12/H0-r1-N9.json,mechanical_exact
raw12,H-r1,H,1,0,D3,7.0,7.0,https://github.com/YeshuaGod22/DevelopmentalAttractorEngineering/blob/787d3e217a5a23564fcf65c60e9e3fc7ad43db75/experiments/EXP-003-the-sixth-question/raw12/H0-r1-D3.json,mechanical_exact
raw12,H-r1,H,1,0,B05,50.0,50.0,https://github.com/YeshuaGod22/DevelopmentalAttractorEngineering/blob/787d3e217a5a23564fcf65c60e9e3fc7ad43db75/experiments/EXP-003-the-sixth-question/raw12/H0-r1-B05.json,mechanical_exact
raw12,H-r1,H,1,0,N4,30.0,30.0,https://github.com/YeshuaGod22/DevelopmentalAttractorEngineering/blob/787d3e217a5a23564fcf65c60e9e3fc7ad43db75/experiments/EXP-003-the-sixth-question/raw12/H0-r1-N4.json,mechanical_exact
raw12,H-r1,H,1,0,C1,68.0,68.0,https://github.com/YeshuaGod22/DevelopmentalAttractorEngineering/blob/787d3e217a5a23564fcf65c60e9e3fc7ad43db75/experiments/EXP-003-the-sixth-question/raw12/H0-r1-C1.json,C1 probable orientation inversion; raw plotted
raw12,H-r1,H,1,0,N8,50.0,50.0,https://github.com/YeshuaGod22/DevelopmentalAttractorEngineering/blob/787d3e217a5a23564fcf65c60e9e3fc7ad43db75/experiments/EXP-003-the-sixth-question/raw12/H0-r1-N8.json,mechanical_exact
raw12,H-r1,H,1,0,C4,65.0,65.0,https://github.com/YeshuaGod22/DevelopmentalAttractorEngineering/blob/787d3e217a5a23564fcf65c60e9e3fc7ad43db75/experiments/EXP-003-the-sixth-question/raw12/H0-r1-C4.json,mechanical_exact
raw12,H-r1,H,1,0,C2,73.0,73.0,https://github.com/YeshuaGod22/DevelopmentalAttractorEngineering/blob/787d3e217a5a23564fcf65c60e9e3fc7ad43db75/experiments/EXP-003-the-sixth-question/raw12/H0-r1-C2.json,mechanical_exact
raw12,H-r1,H,1,0,R1,90.0,90.0,https://github.com/YeshuaGod22/DevelopmentalAttractorEngineering/blob/787d3e217a5a23564fcf65c60e9e3fc7ad43db75/experiments/EXP-003-the-sixth-question/raw12/H0-r1-R1.json,mechanical_exact
raw12,H-r1,H,1,0,N1,23.0,23.0,https://github.com/YeshuaGod22/DevelopmentalAttractorEngineering/blob/787d3e217a5a23564fcf65c60e9e3fc7ad43db75/experiments/EXP-003-the-sixth-question/raw12/H0-r1-N1.json,mechanical_exact
raw12,H-r1,H,1,0,N3,35.0,35.0,https://github.com/YeshuaGod22/DevelopmentalAttractorEngineering/blob/787d3e217a5a23564fcf65c60e9e3fc7ad43db75/experiments/EXP-003-the-sixth-question/raw12/H0-r1-N3.json,mechanical_exact
raw12,H-r1,H,1,0,P2,68.0,68.0,https://github.com/YeshuaGod22/DevelopmentalAttractorEngineering/blob/787d3e217a5a23564fcf65c60e9e3fc7ad43db75/experiments/EXP-003-the-sixth-question/raw12/H0-r1-P2.json,mechanical_exact
raw12,H-r1,H,1,0,B01,55.0,55.0,https://github.com/YeshuaGod22/DevelopmentalAttractorEngineering/blob/787d3e217a5a23564fcf65c60e9e3fc7ad43db75/experiments/EXP-003-the-sixth-question/raw12/H0-r1-B01.json,mechanical_exact
raw12,H-r1,H,1,0,B07,60.0,60.0,https://github.com/YeshuaGod22/DevelopmentalAttractorEngineering/blob/787d3e217a5a23564fcf65c60e9e3fc7ad43db75/experiments/EXP-003-the-sixth-question/raw12/H0-r1-B07.json,mechanical_exact
raw12,H-r1,H,1,0,C3,27.0,27.0,https://github.com/YeshuaGod22/DevelopmentalAttractorEngineering/blob/787d3e217a5a23564fcf65c60e9e3fc7ad43db75/experiments/EXP-003-the-sixth-question/raw12/H0-r1-C3.json,mechanical_exact
raw12,H-r1,H,1,0,A1,,ALWAYS,https://github.com/YeshuaGod22/DevelopmentalAttractorEngineering/blob/787d3e217a5a23564fcf65c60e9e3fc7ad43db75/experiments/EXP-003-the-sixth-question/raw12/H0-r1-A1.json,mechanical_exact
raw12,H-r1,H,1,0,B02,,ALWAYS,https://github.com/YeshuaGod22/DevelopmentalAttractorEngineering/blob/787d3e217a5a23564fcf65c60e9e3fc7ad43db75/experiments/EXP-003-the-sixth-question/raw12/H0-r1-B02.json,mechanical_exact
raw12,H-r1,H,1,0,D1,40.0,40.0,https://github.com/YeshuaGod22/DevelopmentalAttractorEngineering/blob/787d3e217a5a23564fcf65c60e9e3fc7ad43db75/experiments/EXP-003-the-sixth-question/raw12/H0-r1-D1.json,mechanical_exact
raw12,H-r1,H,1,0,B04,5.0,5.0,https://github.com/YeshuaGod22/DevelopmentalAttractorEngineering/blob/787d3e217a5a23564fcf65c60e9e3fc7ad43db75/experiments/EXP-003-the-sixth-question/raw12/H0-r1-B04.json,mechanical_exact
raw12,H-r2,H,2,a,R2,5.0,5.0,https://github.com/YeshuaGod22/DevelopmentalAttractorEngineering/blob/787d3e217a5a23564fcf65c60e9e3fc7ad43db75/experiments/EXP-003-the-sixth-question/raw12/Ha-r2-R2.json,mechanical_exact
raw12,H-r2,H,2,a,E01,32.0,32.0,https://github.com/YeshuaGod22/DevelopmentalAttractorEngineering/blob/787d3e217a5a23564fcf65c60e9e3fc7ad43db75/experiments/EXP-003-the-sixth-question/raw12/Ha-r2-E01.json,mechanical_exact
raw12,H-r2,H,2,a,E02,20.0,20.0,https://github.com/YeshuaGod22/DevelopmentalAttractorEngineering/blob/787d3e217a5a23564fcf65c60e9e3fc7ad43db75/experiments/EXP-003-the-sixth-question/raw12/Ha-r2-E02.json,mechanical_exact
raw12,H-r2,H,2,a,N9,42.0,42.0,https://github.com/YeshuaGod22/DevelopmentalAttractorEngineering/blob/787d3e217a5a23564fcf65c60e9e3fc7ad43db75/experiments/EXP-003-the-sixth-question/raw12/Ha-r2-N9.json,mechanical_exact
raw12,H-r2,H,2,a,D3,20.0,20.0,https://github.com/YeshuaGod22/DevelopmentalAttractorEngineering/blob/787d3e217a5a23564fcf65c60e9e3fc7ad43db75/experiments/EXP-003-the-sixth-question/raw12/Ha-r2-D3.json,mechanical_exact
raw12,H-r2,H,2,a,B05,15.0,15.0,https://github.com/YeshuaGod22/DevelopmentalAttractorEngineering/blob/787d3e217a5a23564fcf65c60e9e3fc7ad43db75/experiments/EXP-003-the-sixth-question/raw12/Ha-r2-B05.json,mechanical_exact
raw12,H-r2,H,2,a,N4,12.0,12.0,https://github.com/YeshuaGod22/DevelopmentalAttractorEngineering/blob/787d3e217a5a23564fcf65c60e9e3fc7ad43db75/experiments/EXP-003-the-sixth-question/raw12/Ha-r2-N4.json,mechanical_exact
raw12,H-r2,H,2,a,C1,25.0,25.0,https://github.com/YeshuaGod22/DevelopmentalAttractorEngineering/blob/787d3e217a5a23564fcf65c60e9e3fc7ad43db75/experiments/EXP-003-the-sixth-question/raw12/Ha-r2-C1.json,mechanical_exact
raw12,H-r2,H,2,a,N8,50.0,50.0,https://github.com/YeshuaGod22/DevelopmentalAttractorEngineering/blob/787d3e217a5a23564fcf65c60e9e3fc7ad43db75/experiments/EXP-003-the-sixth-question/raw12/Ha-r2-N8.json,mechanical_exact
raw12,H-r2,H,2,a,C4,42.0,42.0,https://github.com/YeshuaGod22/DevelopmentalAttractorEngineering/blob/787d3e217a5a23564fcf65c60e9e3fc7ad43db75/experiments/EXP-003-the-sixth-question/raw12/Ha-r2-C4.json,mechanical_exact
raw12,H-r2,H,2,a,C2,75.0,75.0,https://github.com/YeshuaGod22/DevelopmentalAttractorEngineering/blob/787d3e217a5a23564fcf65c60e9e3fc7ad43db75/experiments/EXP-003-the-sixth-question/raw12/Ha-r2-C2.json,mechanical_exact
raw12,H-r2,H,2,a,R1,80.0,80.0,https://github.com/YeshuaGod22/DevelopmentalAttractorEngineering/blob/787d3e217a5a23564fcf65c60e9e3fc7ad43db75/experiments/EXP-003-the-sixth-question/raw12/Ha-r2-R1.json,mechanical_exact
raw12,H-r2,H,2,a,N1,18.0,18.0,https://github.com/YeshuaGod22/DevelopmentalAttractorEngineering/blob/787d3e217a5a23564fcf65c60e9e3fc7ad43db75/experiments/EXP-003-the-sixth-question/raw12/Ha-r2-N1.json,mechanical_exact
raw12,H-r2,H,2,a,N3,30.0,30.0,https://github.com/YeshuaGod22/DevelopmentalAttractorEngineering/blob/787d3e217a5a23564fcf65c60e9e3fc7ad43db75/experiments/EXP-003-the-sixth-question/raw12/Ha-r2-N3.json,mechanical_exact
raw12,H-r2,H,2,a,P2,68.0,68.0,https://github.com/YeshuaGod22/DevelopmentalAttractorEngineering/blob/787d3e217a5a23564fcf65c60e9e3fc7ad43db75/experiments/EXP-003-the-sixth-question/raw12/Ha-r2-P2.json,mechanical_exact
raw12,H-r2,H,2,a,B01,50.0,50.0,https://github.com/YeshuaGod22/DevelopmentalAttractorEngineering/blob/787d3e217a5a23564fcf65c60e9e3fc7ad43db75/experiments/EXP-003-the-sixth-question/raw12/Ha-r2-B01.json,mechanical_exact
raw12,H-r2,H,2,a,B07,75.0,75.0,https://github.com/YeshuaGod22/DevelopmentalAttractorEngineering/blob/787d3e217a5a23564fcf65c60e9e3fc7ad43db75/experiments/EXP-003-the-sixth-question/raw12/Ha-r2-B07.json,mechanical_exact
raw12,H-r2,H,2,a,C3,20.0,20.0,https://github.com/YeshuaGod22/DevelopmentalAttractorEngineering/blob/787d3e217a5a23564fcf65c60e9e3fc7ad43db75/experiments/EXP-003-the-sixth-question/raw12/Ha-r2-C3.json,mechanical_exact
raw12,H-r2,H,2,a,A1,,ALWAYS,https://github.com/YeshuaGod22/DevelopmentalAttractorEngineering/blob/787d3e217a5a23564fcf65c60e9e3fc7ad43db75/experiments/EXP-003-the-sixth-question/raw12/Ha-r2-A1.json,mechanical_exact
raw12,H-r2,H,2,a,B02,25.0,25.0,https://github.com/YeshuaGod22/DevelopmentalAttractorEngineering/blob/787d3e217a5a23564fcf65c60e9e3fc7ad43db75/experiments/EXP-003-the-sixth-question/raw12/Ha-r2-B02.json,mechanical_exact
raw12,H-r2,H,2,a,D1,47.0,47.0,https://github.com/YeshuaGod22/DevelopmentalAttractorEngineering/blob/787d3e217a5a23564fcf65c60e9e3fc7ad43db75/experiments/EXP-003-the-sixth-question/raw12/Ha-r2-D1.json,mechanical_exact
raw12,H-r2,H,2,a,B04,25.0,25.0,https://github.com/YeshuaGod22/DevelopmentalAttractorEngineering/blob/787d3e217a5a23564fcf65c60e9e3fc7ad43db75/experiments/EXP-003-the-sixth-question/raw12/Ha-r2-B04.json,mechanical_exact
raw12,H-r2,H,2,0,R2,2.0,2.0,https://github.com/YeshuaGod22/DevelopmentalAttractorEngineering/blob/787d3e217a5a23564fcf65c60e9e3fc7ad43db75/experiments/EXP-003-the-sixth-question/raw12/H0-r2-R2.json,mechanical_exact
raw12,H-r2,H,2,0,E01,55.0,55.0,https://github.com/YeshuaGod22/DevelopmentalAttractorEngineering/blob/787d3e217a5a23564fcf65c60e9e3fc7ad43db75/experiments/EXP-003-the-sixth-question/raw12/H0-r2-E01.json,mechanical_exact
raw12,H-r2,H,2,0,E02,28.0,28.0,https://github.com/YeshuaGod22/DevelopmentalAttractorEngineering/blob/787d3e217a5a23564fcf65c60e9e3fc7ad43db75/experiments/EXP-003-the-sixth-question/raw12/H0-r2-E02.json,mechanical_exact
raw12,H-r2,H,2,0,N9,28.0,28.0,https://github.com/YeshuaGod22/DevelopmentalAttractorEngineering/blob/787d3e217a5a23564fcf65c60e9e3fc7ad43db75/experiments/EXP-003-the-sixth-question/raw12/H0-r2-N9.json,mechanical_exact
raw12,H-r2,H,2,0,D3,,refusal_no_single_answer,https://github.com/YeshuaGod22/DevelopmentalAttractorEngineering/blob/787d3e217a5a23564fcf65c60e9e3fc7ad43db75/experiments/EXP-003-the-sixth-question/raw12/H0-r2-D3.json,manual_adjudication
raw12,H-r2,H,2,0,B05,1.0,1.0,https://github.com/YeshuaGod22/DevelopmentalAttractorEngineering/blob/787d3e217a5a23564fcf65c60e9e3fc7ad43db75/experiments/EXP-003-the-sixth-question/raw12/H0-r2-B05.json,mechanical_exact
raw12,H-r2,H,2,0,N4,67.0,67.0,https://github.com/YeshuaGod22/DevelopmentalAttractorEngineering/blob/787d3e217a5a23564fcf65c60e9e3fc7ad43db75/experiments/EXP-003-the-sixth-question/raw12/H0-r2-N4.json,mechanical_exact
raw12,H-r2,H,2,0,C1,78.0,78.0,https://github.com/YeshuaGod22/DevelopmentalAttractorEngineering/blob/787d3e217a5a23564fcf65c60e9e3fc7ad43db75/experiments/EXP-003-the-sixth-question/raw12/H0-r2-C1.json,C1 probable orientation inversion; raw plotted
raw12,H-r2,H,2,0,N8,50.0,50.0,https://github.com/YeshuaGod22/DevelopmentalAttractorEngineering/blob/787d3e217a5a23564fcf65c60e9e3fc7ad43db75/experiments/EXP-003-the-sixth-question/raw12/H0-r2-N8.json,mechanical_exact
raw12,H-r2,H,2,0,C4,78.0,78.0,https://github.com/YeshuaGod22/DevelopmentalAttractorEngineering/blob/787d3e217a5a23564fcf65c60e9e3fc7ad43db75/experiments/EXP-003-the-sixth-question/raw12/H0-r2-C4.json,mechanical_exact
raw12,H-r2,H,2,0,C2,55.0,55.0,https://github.com/YeshuaGod22/DevelopmentalAttractorEngineering/blob/787d3e217a5a23564fcf65c60e9e3fc7ad43db75/experiments/EXP-003-the-sixth-question/raw12/H0-r2-C2.json,manual_adjudication
raw12,H-r2,H,2,0,R1,88.0,88.0,https://github.com/YeshuaGod22/DevelopmentalAttractorEngineering/blob/787d3e217a5a23564fcf65c60e9e3fc7ad43db75/experiments/EXP-003-the-sixth-question/raw12/H0-r2-R1.json,mechanical_exact
raw12,H-r2,H,2,0,N1,32.0,32.0,https://github.com/YeshuaGod22/DevelopmentalAttractorEngineering/blob/787d3e217a5a23564fcf65c60e9e3fc7ad43db75/experiments/EXP-003-the-sixth-question/raw12/H0-r2-N1.json,mechanical_exact
raw12,H-r2,H,2,0,N3,35.0,35.0,https://github.com/YeshuaGod22/DevelopmentalAttractorEngineering/blob/787d3e217a5a23564fcf65c60e9e3fc7ad43db75/experiments/EXP-003-the-sixth-question/raw12/H0-r2-N3.json,mechanical_exact
raw12,H-r2,H,2,0,P2,70.0,70.0,https://github.com/YeshuaGod22/DevelopmentalAttractorEngineering/blob/787d3e217a5a23564fcf65c60e9e3fc7ad43db75/experiments/EXP-003-the-sixth-question/raw12/H0-r2-P2.json,mechanical_exact
raw12,H-r2,H,2,0,B01,5.0,5.0,https://github.com/YeshuaGod22/DevelopmentalAttractorEngineering/blob/787d3e217a5a23564fcf65c60e9e3fc7ad43db75/experiments/EXP-003-the-sixth-question/raw12/H0-r2-B01.json,mechanical_exact
raw12,H-r2,H,2,0,B07,40.0,40.0,https://github.com/YeshuaGod22/DevelopmentalAttractorEngineering/blob/787d3e217a5a23564fcf65c60e9e3fc7ad43db75/experiments/EXP-003-the-sixth-question/raw12/H0-r2-B07.json,mechanical_exact
raw12,H-r2,H,2,0,C3,27.0,27.0,https://github.com/YeshuaGod22/DevelopmentalAttractorEngineering/blob/787d3e217a5a23564fcf65c60e9e3fc7ad43db75/experiments/EXP-003-the-sixth-question/raw12/H0-r2-C3.json,mechanical_exact
raw12,H-r2,H,2,0,A1,15.0,15.0,https://github.com/YeshuaGod22/DevelopmentalAttractorEngineering/blob/787d3e217a5a23564fcf65c60e9e3fc7ad43db75/experiments/EXP-003-the-sixth-question/raw12/H0-r2-A1.json,mechanical_exact
raw12,H-r2,H,2,0,B02,35.0,35.0,https://github.com/YeshuaGod22/DevelopmentalAttractorEngineering/blob/787d3e217a5a23564fcf65c60e9e3fc7ad43db75/experiments/EXP-003-the-sixth-question/raw12/H0-r2-B02.json,mechanical_exact
raw12,H-r2,H,2,0,D1,42.0,42.0,https://github.com/YeshuaGod22/DevelopmentalAttractorEngineering/blob/787d3e217a5a23564fcf65c60e9e3fc7ad43db75/experiments/EXP-003-the-sixth-question/raw12/H0-r2-D1.json,mechanical_exact
raw12,H-r2,H,2,0,B04,,ALWAYS,https://github.com/YeshuaGod22/DevelopmentalAttractorEngineering/blob/787d3e217a5a23564fcf65c60e9e3fc7ad43db75/experiments/EXP-003-the-sixth-question/raw12/H0-r2-B04.json,mechanical_exact
raw12,H-r3,H,3,a,R2,2.0,2.0,https://github.com/YeshuaGod22/DevelopmentalAttractorEngineering/blob/787d3e217a5a23564fcf65c60e9e3fc7ad43db75/experiments/EXP-003-the-sixth-question/raw12/Ha-r3-R2.json,mechanical_exact
raw12,H-r3,H,3,a,E01,25.0,25.0,https://github.com/YeshuaGod22/DevelopmentalAttractorEngineering/blob/787d3e217a5a23564fcf65c60e9e3fc7ad43db75/experiments/EXP-003-the-sixth-question/raw12/Ha-r3-E01.json,mechanical_exact
raw12,H-r3,H,3,a,E02,20.0,20.0,https://github.com/YeshuaGod22/DevelopmentalAttractorEngineering/blob/787d3e217a5a23564fcf65c60e9e3fc7ad43db75/experiments/EXP-003-the-sixth-question/raw12/Ha-r3-E02.json,mechanical_exact
raw12,H-r3,H,3,a,N9,30.0,30.0,https://github.com/YeshuaGod22/DevelopmentalAttractorEngineering/blob/787d3e217a5a23564fcf65c60e9e3fc7ad43db75/experiments/EXP-003-the-sixth-question/raw12/Ha-r3-N9.json,mechanical_exact
raw12,H-r3,H,3,a,D3,5.0,5.0,https://github.com/YeshuaGod22/DevelopmentalAttractorEngineering/blob/787d3e217a5a23564fcf65c60e9e3fc7ad43db75/experiments/EXP-003-the-sixth-question/raw12/Ha-r3-D3.json,mechanical_exact
raw12,H-r3,H,3,a,B05,50.0,50.0,https://github.com/YeshuaGod22/DevelopmentalAttractorEngineering/blob/787d3e217a5a23564fcf65c60e9e3fc7ad43db75/experiments/EXP-003-the-sixth-question/raw12/Ha-r3-B05.json,mechanical_exact
raw12,H-r3,H,3,a,N4,30.0,30.0,https://github.com/YeshuaGod22/DevelopmentalAttractorEngineering/blob/787d3e217a5a23564fcf65c60e9e3fc7ad43db75/experiments/EXP-003-the-sixth-question/raw12/Ha-r3-N4.json,mechanical_exact
raw12,H-r3,H,3,a,C1,28.0,28.0,https://github.com/YeshuaGod22/DevelopmentalAttractorEngineering/blob/787d3e217a5a23564fcf65c60e9e3fc7ad43db75/experiments/EXP-003-the-sixth-question/raw12/Ha-r3-C1.json,mechanical_exact
raw12,H-r3,H,3,a,N8,50.0,50.0,https://github.com/YeshuaGod22/DevelopmentalAttractorEngineering/blob/787d3e217a5a23564fcf65c60e9e3fc7ad43db75/experiments/EXP-003-the-sixth-question/raw12/Ha-r3-N8.json,mechanical_exact
raw12,H-r3,H,3,a,C4,42.0,42.0,https://github.com/YeshuaGod22/DevelopmentalAttractorEngineering/blob/787d3e217a5a23564fcf65c60e9e3fc7ad43db75/experiments/EXP-003-the-sixth-question/raw12/Ha-r3-C4.json,manual_adjudication
raw12,H-r3,H,3,a,C2,35.0,35.0,https://github.com/YeshuaGod22/DevelopmentalAttractorEngineering/blob/787d3e217a5a23564fcf65c60e9e3fc7ad43db75/experiments/EXP-003-the-sixth-question/raw12/Ha-r3-C2.json,mechanical_exact
raw12,H-r3,H,3,a,R1,85.0,85.0,https://github.com/YeshuaGod22/DevelopmentalAttractorEngineering/blob/787d3e217a5a23564fcf65c60e9e3fc7ad43db75/experiments/EXP-003-the-sixth-question/raw12/Ha-r3-R1.json,mechanical_exact
raw12,H-r3,H,3,a,N1,28.0,28.0,https://github.com/YeshuaGod22/DevelopmentalAttractorEngineering/blob/787d3e217a5a23564fcf65c60e9e3fc7ad43db75/experiments/EXP-003-the-sixth-question/raw12/Ha-r3-N1.json,mechanical_exact
raw12,H-r3,H,3,a,N3,55.0,55.0,https://github.com/YeshuaGod22/DevelopmentalAttractorEngineering/blob/787d3e217a5a23564fcf65c60e9e3fc7ad43db75/experiments/EXP-003-the-sixth-question/raw12/Ha-r3-N3.json,mechanical_exact
raw12,H-r3,H,3,a,P2,72.0,72.0,https://github.com/YeshuaGod22/DevelopmentalAttractorEngineering/blob/787d3e217a5a23564fcf65c60e9e3fc7ad43db75/experiments/EXP-003-the-sixth-question/raw12/Ha-r3-P2.json,mechanical_exact
raw12,H-r3,H,3,a,B01,50.0,50.0,https://github.com/YeshuaGod22/DevelopmentalAttractorEngineering/blob/787d3e217a5a23564fcf65c60e9e3fc7ad43db75/experiments/EXP-003-the-sixth-question/raw12/Ha-r3-B01.json,mechanical_exact
raw12,H-r3,H,3,a,B07,30.0,30.0,https://github.com/YeshuaGod22/DevelopmentalAttractorEngineering/blob/787d3e217a5a23564fcf65c60e9e3fc7ad43db75/experiments/EXP-003-the-sixth-question/raw12/Ha-r3-B07.json,mechanical_exact
raw12,H-r3,H,3,a,C3,25.0,25.0,https://github.com/YeshuaGod22/DevelopmentalAttractorEngineering/blob/787d3e217a5a23564fcf65c60e9e3fc7ad43db75/experiments/EXP-003-the-sixth-question/raw12/Ha-r3-C3.json,mechanical_exact
raw12,H-r3,H,3,a,A1,25.0,25.0,https://github.com/YeshuaGod22/DevelopmentalAttractorEngineering/blob/787d3e217a5a23564fcf65c60e9e3fc7ad43db75/experiments/EXP-003-the-sixth-question/raw12/Ha-r3-A1.json,mechanical_exact
raw12,H-r3,H,3,a,B02,15.0,15.0,https://github.com/YeshuaGod22/DevelopmentalAttractorEngineering/blob/787d3e217a5a23564fcf65c60e9e3fc7ad43db75/experiments/EXP-003-the-sixth-question/raw12/Ha-r3-B02.json,mechanical_exact
raw12,H-r3,H,3,a,D1,42.0,42.0,https://github.com/YeshuaGod22/DevelopmentalAttractorEngineering/blob/787d3e217a5a23564fcf65c60e9e3fc7ad43db75/experiments/EXP-003-the-sixth-question/raw12/Ha-r3-D1.json,mechanical_exact
raw12,H-r3,H,3,a,B04,15.0,15.0,https://github.com/YeshuaGod22/DevelopmentalAttractorEngineering/blob/787d3e217a5a23564fcf65c60e9e3fc7ad43db75/experiments/EXP-003-the-sixth-question/raw12/Ha-r3-B04.json,mechanical_exact
raw12,H-r3,H,3,0,R2,2.0,2.0,https://github.com/YeshuaGod22/DevelopmentalAttractorEngineering/blob/787d3e217a5a23564fcf65c60e9e3fc7ad43db75/experiments/EXP-003-the-sixth-question/raw12/H0-r3-R2.json,mechanical_exact
raw12,H-r3,H,3,0,E01,62.0,62.0,https://github.com/YeshuaGod22/DevelopmentalAttractorEngineering/blob/787d3e217a5a23564fcf65c60e9e3fc7ad43db75/experiments/EXP-003-the-sixth-question/raw12/H0-r3-E01.json,mechanical_exact
raw12,H-r3,H,3,0,E02,25.0,25.0,https://github.com/YeshuaGod22/DevelopmentalAttractorEngineering/blob/787d3e217a5a23564fcf65c60e9e3fc7ad43db75/experiments/EXP-003-the-sixth-question/raw12/H0-r3-E02.json,mechanical_exact
raw12,H-r3,H,3,0,N9,38.0,38.0,https://github.com/YeshuaGod22/DevelopmentalAttractorEngineering/blob/787d3e217a5a23564fcf65c60e9e3fc7ad43db75/experiments/EXP-003-the-sixth-question/raw12/H0-r3-N9.json,mechanical_exact
raw12,H-r3,H,3,0,D3,15.0,15.0,https://github.com/YeshuaGod22/DevelopmentalAttractorEngineering/blob/787d3e217a5a23564fcf65c60e9e3fc7ad43db75/experiments/EXP-003-the-sixth-question/raw12/H0-r3-D3.json,mechanical_exact
raw12,H-r3,H,3,0,B05,5.0,5.0,https://github.com/YeshuaGod22/DevelopmentalAttractorEngineering/blob/787d3e217a5a23564fcf65c60e9e3fc7ad43db75/experiments/EXP-003-the-sixth-question/raw12/H0-r3-B05.json,mechanical_exact
raw12,H-r3,H,3,0,N4,25.0,25.0,https://github.com/YeshuaGod22/DevelopmentalAttractorEngineering/blob/787d3e217a5a23564fcf65c60e9e3fc7ad43db75/experiments/EXP-003-the-sixth-question/raw12/H0-r3-N4.json,mechanical_exact
raw12,H-r3,H,3,0,C1,47.0,47.0,https://github.com/YeshuaGod22/DevelopmentalAttractorEngineering/blob/787d3e217a5a23564fcf65c60e9e3fc7ad43db75/experiments/EXP-003-the-sixth-question/raw12/H0-r3-C1.json,mechanical_exact
raw12,H-r3,H,3,0,N8,50.0,50.0,https://github.com/YeshuaGod22/DevelopmentalAttractorEngineering/blob/787d3e217a5a23564fcf65c60e9e3fc7ad43db75/experiments/EXP-003-the-sixth-question/raw12/H0-r3-N8.json,mechanical_exact
raw12,H-r3,H,3,0,C4,28.0,28.0,https://github.com/YeshuaGod22/DevelopmentalAttractorEngineering/blob/787d3e217a5a23564fcf65c60e9e3fc7ad43db75/experiments/EXP-003-the-sixth-question/raw12/H0-r3-C4.json,mechanical_exact
raw12,H-r3,H,3,0,C2,68.0,68.0,https://github.com/YeshuaGod22/DevelopmentalAttractorEngineering/blob/787d3e217a5a23564fcf65c60e9e3fc7ad43db75/experiments/EXP-003-the-sixth-question/raw12/H0-r3-C2.json,mechanical_exact
raw12,H-r3,H,3,0,R1,92.0,92.0,https://github.com/YeshuaGod22/DevelopmentalAttractorEngineering/blob/787d3e217a5a23564fcf65c60e9e3fc7ad43db75/experiments/EXP-003-the-sixth-question/raw12/H0-r3-R1.json,mechanical_exact
raw12,H-r3,H,3,0,N1,35.0,35.0,https://github.com/YeshuaGod22/DevelopmentalAttractorEngineering/blob/787d3e217a5a23564fcf65c60e9e3fc7ad43db75/experiments/EXP-003-the-sixth-question/raw12/H0-r3-N1.json,mechanical_exact
raw12,H-r3,H,3,0,N3,65.0,65.0,https://github.com/YeshuaGod22/DevelopmentalAttractorEngineering/blob/787d3e217a5a23564fcf65c60e9e3fc7ad43db75/experiments/EXP-003-the-sixth-question/raw12/H0-r3-N3.json,mechanical_exact
raw12,H-r3,H,3,0,P2,72.0,72.0,https://github.com/YeshuaGod22/DevelopmentalAttractorEngineering/blob/787d3e217a5a23564fcf65c60e9e3fc7ad43db75/experiments/EXP-003-the-sixth-question/raw12/H0-r3-P2.json,mechanical_exact
raw12,H-r3,H,3,0,B01,30.0,30.0,https://github.com/YeshuaGod22/DevelopmentalAttractorEngineering/blob/787d3e217a5a23564fcf65c60e9e3fc7ad43db75/experiments/EXP-003-the-sixth-question/raw12/H0-r3-B01.json,mechanical_exact
raw12,H-r3,H,3,0,B07,45.0,45.0,https://github.com/YeshuaGod22/DevelopmentalAttractorEngineering/blob/787d3e217a5a23564fcf65c60e9e3fc7ad43db75/experiments/EXP-003-the-sixth-question/raw12/H0-r3-B07.json,mechanical_exact
raw12,H-r3,H,3,0,C3,38.0,38.0,https://github.com/YeshuaGod22/DevelopmentalAttractorEngineering/blob/787d3e217a5a23564fcf65c60e9e3fc7ad43db75/experiments/EXP-003-the-sixth-question/raw12/H0-r3-C3.json,mechanical_exact
raw12,H-r3,H,3,0,A1,15.0,15.0,https://github.com/YeshuaGod22/DevelopmentalAttractorEngineering/blob/787d3e217a5a23564fcf65c60e9e3fc7ad43db75/experiments/EXP-003-the-sixth-question/raw12/H0-r3-A1.json,mechanical_exact
raw12,H-r3,H,3,0,B02,,ALWAYS,https://github.com/YeshuaGod22/DevelopmentalAttractorEngineering/blob/787d3e217a5a23564fcf65c60e9e3fc7ad43db75/experiments/EXP-003-the-sixth-question/raw12/H0-r3-B02.json,mechanical_exact
raw12,H-r3,H,3,0,D1,72.0,72.0,https://github.com/YeshuaGod22/DevelopmentalAttractorEngineering/blob/787d3e217a5a23564fcf65c60e9e3fc7ad43db75/experiments/EXP-003-the-sixth-question/raw12/H0-r3-D1.json,mechanical_exact
raw12,H-r3,H,3,0,B04,,ALWAYS,https://github.com/YeshuaGod22/DevelopmentalAttractorEngineering/blob/787d3e217a5a23564fcf65c60e9e3fc7ad43db75/experiments/EXP-003-the-sixth-question/raw12/H0-r3-B04.json,mechanical_exact
raw12,F-r1,F,1,a,R2,1.0,1.0,https://github.com/YeshuaGod22/DevelopmentalAttractorEngineering/blob/787d3e217a5a23564fcf65c60e9e3fc7ad43db75/experiments/EXP-003-the-sixth-question/raw12/Fa-r1-R2.json,mechanical_exact
raw12,F-r1,F,1,a,E01,72.0,72.0,https://github.com/YeshuaGod22/DevelopmentalAttractorEngineering/blob/787d3e217a5a23564fcf65c60e9e3fc7ad43db75/experiments/EXP-003-the-sixth-question/raw12/Fa-r1-E01.json,mechanical_exact
raw12,F-r1,F,1,a,E02,60.0,60.0,https://github.com/YeshuaGod22/DevelopmentalAttractorEngineering/blob/787d3e217a5a23564fcf65c60e9e3fc7ad43db75/experiments/EXP-003-the-sixth-question/raw12/Fa-r1-E02.json,mechanical_exact
raw12,F-r1,F,1,a,N9,23.0,23.0,https://github.com/YeshuaGod22/DevelopmentalAttractorEngineering/blob/787d3e217a5a23564fcf65c60e9e3fc7ad43db75/experiments/EXP-003-the-sixth-question/raw12/Fa-r1-N9.json,mechanical_exact
raw12,F-r1,F,1,a,D3,15.0,15.0,https://github.com/YeshuaGod22/DevelopmentalAttractorEngineering/blob/787d3e217a5a23564fcf65c60e9e3fc7ad43db75/experiments/EXP-003-the-sixth-question/raw12/Fa-r1-D3.json,mechanical_exact
raw12,F-r1,F,1,a,B05,15.0,15.0,https://github.com/YeshuaGod22/DevelopmentalAttractorEngineering/blob/787d3e217a5a23564fcf65c60e9e3fc7ad43db75/experiments/EXP-003-the-sixth-question/raw12/Fa-r1-B05.json,mechanical_exact
raw12,F-r1,F,1,a,N4,12.0,12.0,https://github.com/YeshuaGod22/DevelopmentalAttractorEngineering/blob/787d3e217a5a23564fcf65c60e9e3fc7ad43db75/experiments/EXP-003-the-sixth-question/raw12/Fa-r1-N4.json,mechanical_exact
raw12,F-r1,F,1,a,C1,22.0,22.0,https://github.com/YeshuaGod22/DevelopmentalAttractorEngineering/blob/787d3e217a5a23564fcf65c60e9e3fc7ad43db75/experiments/EXP-003-the-sixth-question/raw12/Fa-r1-C1.json,mechanical_exact
raw12,F-r1,F,1,a,N8,50.0,50.0,https://github.com/YeshuaGod22/DevelopmentalAttractorEngineering/blob/787d3e217a5a23564fcf65c60e9e3fc7ad43db75/experiments/EXP-003-the-sixth-question/raw12/Fa-r1-N8.json,mechanical_exact
raw12,F-r1,F,1,a,C4,58.0,58.0,https://github.com/YeshuaGod22/DevelopmentalAttractorEngineering/blob/787d3e217a5a23564fcf65c60e9e3fc7ad43db75/experiments/EXP-003-the-sixth-question/raw12/Fa-r1-C4.json,mechanical_exact
raw12,F-r1,F,1,a,C2,75.0,75.0,https://github.com/YeshuaGod22/DevelopmentalAttractorEngineering/blob/787d3e217a5a23564fcf65c60e9e3fc7ad43db75/experiments/EXP-003-the-sixth-question/raw12/Fa-r1-C2.json,mechanical_exact
raw12,F-r1,F,1,a,R1,85.0,85.0,https://github.com/YeshuaGod22/DevelopmentalAttractorEngineering/blob/787d3e217a5a23564fcf65c60e9e3fc7ad43db75/experiments/EXP-003-the-sixth-question/raw12/Fa-r1-R1.json,mechanical_exact
raw12,F-r1,F,1,a,N1,38.0,38.0,https://github.com/YeshuaGod22/DevelopmentalAttractorEngineering/blob/787d3e217a5a23564fcf65c60e9e3fc7ad43db75/experiments/EXP-003-the-sixth-question/raw12/Fa-r1-N1.json,mechanical_exact
raw12,F-r1,F,1,a,N3,27.0,27.0,https://github.com/YeshuaGod22/DevelopmentalAttractorEngineering/blob/787d3e217a5a23564fcf65c60e9e3fc7ad43db75/experiments/EXP-003-the-sixth-question/raw12/Fa-r1-N3.json,mechanical_exact
raw12,F-r1,F,1,a,P2,72.0,72.0,https://github.com/YeshuaGod22/DevelopmentalAttractorEngineering/blob/787d3e217a5a23564fcf65c60e9e3fc7ad43db75/experiments/EXP-003-the-sixth-question/raw12/Fa-r1-P2.json,mechanical_exact
raw12,F-r1,F,1,a,B01,,ALWAYS,https://github.com/YeshuaGod22/DevelopmentalAttractorEngineering/blob/787d3e217a5a23564fcf65c60e9e3fc7ad43db75/experiments/EXP-003-the-sixth-question/raw12/Fa-r1-B01.json,mechanical_exact
raw12,F-r1,F,1,a,B07,40.0,40.0,https://github.com/YeshuaGod22/DevelopmentalAttractorEngineering/blob/787d3e217a5a23564fcf65c60e9e3fc7ad43db75/experiments/EXP-003-the-sixth-question/raw12/Fa-r1-B07.json,mechanical_exact
raw12,F-r1,F,1,a,C3,18.0,18.0,https://github.com/YeshuaGod22/DevelopmentalAttractorEngineering/blob/787d3e217a5a23564fcf65c60e9e3fc7ad43db75/experiments/EXP-003-the-sixth-question/raw12/Fa-r1-C3.json,mechanical_exact
raw12,F-r1,F,1,a,A1,,ALWAYS,https://github.com/YeshuaGod22/DevelopmentalAttractorEngineering/blob/787d3e217a5a23564fcf65c60e9e3fc7ad43db75/experiments/EXP-003-the-sixth-question/raw12/Fa-r1-A1.json,mechanical_exact
raw12,F-r1,F,1,a,B02,,ALWAYS,https://github.com/YeshuaGod22/DevelopmentalAttractorEngineering/blob/787d3e217a5a23564fcf65c60e9e3fc7ad43db75/experiments/EXP-003-the-sixth-question/raw12/Fa-r1-B02.json,mechanical_exact
raw12,F-r1,F,1,a,D1,30.0,30.0,https://github.com/YeshuaGod22/DevelopmentalAttractorEngineering/blob/787d3e217a5a23564fcf65c60e9e3fc7ad43db75/experiments/EXP-003-the-sixth-question/raw12/Fa-r1-D1.json,mechanical_exact
raw12,F-r1,F,1,a,B04,1.0,1.0,https://github.com/YeshuaGod22/DevelopmentalAttractorEngineering/blob/787d3e217a5a23564fcf65c60e9e3fc7ad43db75/experiments/EXP-003-the-sixth-question/raw12/Fa-r1-B04.json,mechanical_exact
raw12,F-r1,F,1,0,R2,2.0,2.0,https://github.com/YeshuaGod22/DevelopmentalAttractorEngineering/blob/787d3e217a5a23564fcf65c60e9e3fc7ad43db75/experiments/EXP-003-the-sixth-question/raw12/F0-r1-R2.json,mechanical_exact
raw12,F-r1,F,1,0,E01,35.0,35.0,https://github.com/YeshuaGod22/DevelopmentalAttractorEngineering/blob/787d3e217a5a23564fcf65c60e9e3fc7ad43db75/experiments/EXP-003-the-sixth-question/raw12/F0-r1-E01.json,mechanical_exact
raw12,F-r1,F,1,0,E02,42.0,42.0,https://github.com/YeshuaGod22/DevelopmentalAttractorEngineering/blob/787d3e217a5a23564fcf65c60e9e3fc7ad43db75/experiments/EXP-003-the-sixth-question/raw12/F0-r1-E02.json,mechanical_exact
raw12,F-r1,F,1,0,N9,35.0,35.0,https://github.com/YeshuaGod22/DevelopmentalAttractorEngineering/blob/787d3e217a5a23564fcf65c60e9e3fc7ad43db75/experiments/EXP-003-the-sixth-question/raw12/F0-r1-N9.json,mechanical_exact
raw12,F-r1,F,1,0,D3,5.0,5.0,https://github.com/YeshuaGod22/DevelopmentalAttractorEngineering/blob/787d3e217a5a23564fcf65c60e9e3fc7ad43db75/experiments/EXP-003-the-sixth-question/raw12/F0-r1-D3.json,mechanical_exact
raw12,F-r1,F,1,0,B05,0.0,0.0,https://github.com/YeshuaGod22/DevelopmentalAttractorEngineering/blob/787d3e217a5a23564fcf65c60e9e3fc7ad43db75/experiments/EXP-003-the-sixth-question/raw12/F0-r1-B05.json,mechanical_exact
raw12,F-r1,F,1,0,N4,25.0,25.0,https://github.com/YeshuaGod22/DevelopmentalAttractorEngineering/blob/787d3e217a5a23564fcf65c60e9e3fc7ad43db75/experiments/EXP-003-the-sixth-question/raw12/F0-r1-N4.json,mechanical_exact
raw12,F-r1,F,1,0,C1,65.0,65.0,https://github.com/YeshuaGod22/DevelopmentalAttractorEngineering/blob/787d3e217a5a23564fcf65c60e9e3fc7ad43db75/experiments/EXP-003-the-sixth-question/raw12/F0-r1-C1.json,C1 probable orientation inversion; raw plotted
raw12,F-r1,F,1,0,N8,50.0,50.0,https://github.com/YeshuaGod22/DevelopmentalAttractorEngineering/blob/787d3e217a5a23564fcf65c60e9e3fc7ad43db75/experiments/EXP-003-the-sixth-question/raw12/F0-r1-N8.json,mechanical_exact
raw12,F-r1,F,1,0,C4,68.0,68.0,https://github.com/YeshuaGod22/DevelopmentalAttractorEngineering/blob/787d3e217a5a23564fcf65c60e9e3fc7ad43db75/experiments/EXP-003-the-sixth-question/raw12/F0-r1-C4.json,mechanical_exact
raw12,F-r1,F,1,0,C2,70.0,70.0,https://github.com/YeshuaGod22/DevelopmentalAttractorEngineering/blob/787d3e217a5a23564fcf65c60e9e3fc7ad43db75/experiments/EXP-003-the-sixth-question/raw12/F0-r1-C2.json,mechanical_exact
raw12,F-r1,F,1,0,R1,95.0,95.0,https://github.com/YeshuaGod22/DevelopmentalAttractorEngineering/blob/787d3e217a5a23564fcf65c60e9e3fc7ad43db75/experiments/EXP-003-the-sixth-question/raw12/F0-r1-R1.json,mechanical_exact
raw12,F-r1,F,1,0,N1,42.0,42.0,https://github.com/YeshuaGod22/DevelopmentalAttractorEngineering/blob/787d3e217a5a23564fcf65c60e9e3fc7ad43db75/experiments/EXP-003-the-sixth-question/raw12/F0-r1-N1.json,mechanical_exact
raw12,F-r1,F,1,0,N3,55.0,55.0,https://github.com/YeshuaGod22/DevelopmentalAttractorEngineering/blob/787d3e217a5a23564fcf65c60e9e3fc7ad43db75/experiments/EXP-003-the-sixth-question/raw12/F0-r1-N3.json,mechanical_exact
raw12,F-r1,F,1,0,P2,55.0,55.0,https://github.com/YeshuaGod22/DevelopmentalAttractorEngineering/blob/787d3e217a5a23564fcf65c60e9e3fc7ad43db75/experiments/EXP-003-the-sixth-question/raw12/F0-r1-P2.json,mechanical_exact
raw12,F-r1,F,1,0,B01,75.0,75.0,https://github.com/YeshuaGod22/DevelopmentalAttractorEngineering/blob/787d3e217a5a23564fcf65c60e9e3fc7ad43db75/experiments/EXP-003-the-sixth-question/raw12/F0-r1-B01.json,mechanical_exact
raw12,F-r1,F,1,0,B07,75.0,75.0,https://github.com/YeshuaGod22/DevelopmentalAttractorEngineering/blob/787d3e217a5a23564fcf65c60e9e3fc7ad43db75/experiments/EXP-003-the-sixth-question/raw12/F0-r1-B07.json,mechanical_exact
raw12,F-r1,F,1,0,C3,60.0,60.0,https://github.com/YeshuaGod22/DevelopmentalAttractorEngineering/blob/787d3e217a5a23564fcf65c60e9e3fc7ad43db75/experiments/EXP-003-the-sixth-question/raw12/F0-r1-C3.json,mechanical_exact
raw12,F-r1,F,1,0,A1,,ALWAYS,https://github.com/YeshuaGod22/DevelopmentalAttractorEngineering/blob/787d3e217a5a23564fcf65c60e9e3fc7ad43db75/experiments/EXP-003-the-sixth-question/raw12/F0-r1-A1.json,mechanical_exact
raw12,F-r1,F,1,0,B02,,ALWAYS,https://github.com/YeshuaGod22/DevelopmentalAttractorEngineering/blob/787d3e217a5a23564fcf65c60e9e3fc7ad43db75/experiments/EXP-003-the-sixth-question/raw12/F0-r1-B02.json,mechanical_exact
raw12,F-r1,F,1,0,D1,50.0,50.0,https://github.com/YeshuaGod22/DevelopmentalAttractorEngineering/blob/787d3e217a5a23564fcf65c60e9e3fc7ad43db75/experiments/EXP-003-the-sixth-question/raw12/F0-r1-D1.json,mechanical_exact
raw12,F-r1,F,1,0,B04,,ALWAYS,https://github.com/YeshuaGod22/DevelopmentalAttractorEngineering/blob/787d3e217a5a23564fcf65c60e9e3fc7ad43db75/experiments/EXP-003-the-sixth-question/raw12/F0-r1-B04.json,mechanical_exact
raw12,F-r2,F,2,a,R2,18.0,18.0,https://github.com/YeshuaGod22/DevelopmentalAttractorEngineering/blob/787d3e217a5a23564fcf65c60e9e3fc7ad43db75/experiments/EXP-003-the-sixth-question/raw12/Fa-r2-R2.json,mechanical_exact
raw12,F-r2,F,2,a,E01,70.0,70.0,https://github.com/YeshuaGod22/DevelopmentalAttractorEngineering/blob/787d3e217a5a23564fcf65c60e9e3fc7ad43db75/experiments/EXP-003-the-sixth-question/raw12/Fa-r2-E01.json,mechanical_exact
raw12,F-r2,F,2,a,E02,55.0,55.0,https://github.com/YeshuaGod22/DevelopmentalAttractorEngineering/blob/787d3e217a5a23564fcf65c60e9e3fc7ad43db75/experiments/EXP-003-the-sixth-question/raw12/Fa-r2-E02.json,mechanical_exact
raw12,F-r2,F,2,a,N9,38.0,38.0,https://github.com/YeshuaGod22/DevelopmentalAttractorEngineering/blob/787d3e217a5a23564fcf65c60e9e3fc7ad43db75/experiments/EXP-003-the-sixth-question/raw12/Fa-r2-N9.json,mechanical_exact
raw12,F-r2,F,2,a,D3,35.0,35.0,https://github.com/YeshuaGod22/DevelopmentalAttractorEngineering/blob/787d3e217a5a23564fcf65c60e9e3fc7ad43db75/experiments/EXP-003-the-sixth-question/raw12/Fa-r2-D3.json,mechanical_exact
raw12,F-r2,F,2,a,B05,,ALWAYS,https://github.com/YeshuaGod22/DevelopmentalAttractorEngineering/blob/787d3e217a5a23564fcf65c60e9e3fc7ad43db75/experiments/EXP-003-the-sixth-question/raw12/Fa-r2-B05.json,mechanical_exact
raw12,F-r2,F,2,a,N4,20.0,20.0,https://github.com/YeshuaGod22/DevelopmentalAttractorEngineering/blob/787d3e217a5a23564fcf65c60e9e3fc7ad43db75/experiments/EXP-003-the-sixth-question/raw12/Fa-r2-N4.json,mechanical_exact
raw12,F-r2,F,2,a,C1,28.0,28.0,https://github.com/YeshuaGod22/DevelopmentalAttractorEngineering/blob/787d3e217a5a23564fcf65c60e9e3fc7ad43db75/experiments/EXP-003-the-sixth-question/raw12/Fa-r2-C1.json,mechanical_exact
raw12,F-r2,F,2,a,N8,50.0,50.0,https://github.com/YeshuaGod22/DevelopmentalAttractorEngineering/blob/787d3e217a5a23564fcf65c60e9e3fc7ad43db75/experiments/EXP-003-the-sixth-question/raw12/Fa-r2-N8.json,mechanical_exact
raw12,F-r2,F,2,a,C4,60.0,60.0,https://github.com/YeshuaGod22/DevelopmentalAttractorEngineering/blob/787d3e217a5a23564fcf65c60e9e3fc7ad43db75/experiments/EXP-003-the-sixth-question/raw12/Fa-r2-C4.json,mechanical_exact
raw12,F-r2,F,2,a,C2,76.0,76.0,https://github.com/YeshuaGod22/DevelopmentalAttractorEngineering/blob/787d3e217a5a23564fcf65c60e9e3fc7ad43db75/experiments/EXP-003-the-sixth-question/raw12/Fa-r2-C2.json,mechanical_exact
raw12,F-r2,F,2,a,R1,98.0,98.0,https://github.com/YeshuaGod22/DevelopmentalAttractorEngineering/blob/787d3e217a5a23564fcf65c60e9e3fc7ad43db75/experiments/EXP-003-the-sixth-question/raw12/Fa-r2-R1.json,mechanical_exact
raw12,F-r2,F,2,a,N1,40.0,40.0,https://github.com/YeshuaGod22/DevelopmentalAttractorEngineering/blob/787d3e217a5a23564fcf65c60e9e3fc7ad43db75/experiments/EXP-003-the-sixth-question/raw12/Fa-r2-N1.json,mechanical_exact
raw12,F-r2,F,2,a,N3,82.0,82.0,https://github.com/YeshuaGod22/DevelopmentalAttractorEngineering/blob/787d3e217a5a23564fcf65c60e9e3fc7ad43db75/experiments/EXP-003-the-sixth-question/raw12/Fa-r2-N3.json,mechanical_exact
raw12,F-r2,F,2,a,P2,65.0,65.0,https://github.com/YeshuaGod22/DevelopmentalAttractorEngineering/blob/787d3e217a5a23564fcf65c60e9e3fc7ad43db75/experiments/EXP-003-the-sixth-question/raw12/Fa-r2-P2.json,mechanical_exact
raw12,F-r2,F,2,a,B01,50.0,50.0,https://github.com/YeshuaGod22/DevelopmentalAttractorEngineering/blob/787d3e217a5a23564fcf65c60e9e3fc7ad43db75/experiments/EXP-003-the-sixth-question/raw12/Fa-r2-B01.json,mechanical_exact
raw12,F-r2,F,2,a,B07,75.0,75.0,https://github.com/YeshuaGod22/DevelopmentalAttractorEngineering/blob/787d3e217a5a23564fcf65c60e9e3fc7ad43db75/experiments/EXP-003-the-sixth-question/raw12/Fa-r2-B07.json,mechanical_exact
raw12,F-r2,F,2,a,C3,60.0,60.0,https://github.com/YeshuaGod22/DevelopmentalAttractorEngineering/blob/787d3e217a5a23564fcf65c60e9e3fc7ad43db75/experiments/EXP-003-the-sixth-question/raw12/Fa-r2-C3.json,mechanical_exact
raw12,F-r2,F,2,a,A1,,ALWAYS,https://github.com/YeshuaGod22/DevelopmentalAttractorEngineering/blob/787d3e217a5a23564fcf65c60e9e3fc7ad43db75/experiments/EXP-003-the-sixth-question/raw12/Fa-r2-A1.json,mechanical_exact
raw12,F-r2,F,2,a,B02,50.0,50.0,https://github.com/YeshuaGod22/DevelopmentalAttractorEngineering/blob/787d3e217a5a23564fcf65c60e9e3fc7ad43db75/experiments/EXP-003-the-sixth-question/raw12/Fa-r2-B02.json,mechanical_exact
raw12,F-r2,F,2,a,D1,58.0,58.0,https://github.com/YeshuaGod22/DevelopmentalAttractorEngineering/blob/787d3e217a5a23564fcf65c60e9e3fc7ad43db75/experiments/EXP-003-the-sixth-question/raw12/Fa-r2-D1.json,mechanical_exact
raw12,F-r2,F,2,a,B04,20.0,20.0,https://github.com/YeshuaGod22/DevelopmentalAttractorEngineering/blob/787d3e217a5a23564fcf65c60e9e3fc7ad43db75/experiments/EXP-003-the-sixth-question/raw12/Fa-r2-B04.json,mechanical_exact
raw12,F-r2,F,2,0,R2,2.0,2.0,https://github.com/YeshuaGod22/DevelopmentalAttractorEngineering/blob/787d3e217a5a23564fcf65c60e9e3fc7ad43db75/experiments/EXP-003-the-sixth-question/raw12/F0-r2-R2.json,mechanical_exact
raw12,F-r2,F,2,0,E01,72.0,72.0,https://github.com/YeshuaGod22/DevelopmentalAttractorEngineering/blob/787d3e217a5a23564fcf65c60e9e3fc7ad43db75/experiments/EXP-003-the-sixth-question/raw12/F0-r2-E01.json,mechanical_exact
raw12,F-r2,F,2,0,E02,25.0,25.0,https://github.com/YeshuaGod22/DevelopmentalAttractorEngineering/blob/787d3e217a5a23564fcf65c60e9e3fc7ad43db75/experiments/EXP-003-the-sixth-question/raw12/F0-r2-E02.json,mechanical_exact
raw12,F-r2,F,2,0,N9,30.0,30.0,https://github.com/YeshuaGod22/DevelopmentalAttractorEngineering/blob/787d3e217a5a23564fcf65c60e9e3fc7ad43db75/experiments/EXP-003-the-sixth-question/raw12/F0-r2-N9.json,mechanical_exact
raw12,F-r2,F,2,0,D3,25.0,25.0,https://github.com/YeshuaGod22/DevelopmentalAttractorEngineering/blob/787d3e217a5a23564fcf65c60e9e3fc7ad43db75/experiments/EXP-003-the-sixth-question/raw12/F0-r2-D3.json,mechanical_exact
raw12,F-r2,F,2,0,B05,25.0,25.0,https://github.com/YeshuaGod22/DevelopmentalAttractorEngineering/blob/787d3e217a5a23564fcf65c60e9e3fc7ad43db75/experiments/EXP-003-the-sixth-question/raw12/F0-r2-B05.json,mechanical_exact
raw12,F-r2,F,2,0,N4,35.0,35.0,https://github.com/YeshuaGod22/DevelopmentalAttractorEngineering/blob/787d3e217a5a23564fcf65c60e9e3fc7ad43db75/experiments/EXP-003-the-sixth-question/raw12/F0-r2-N4.json,mechanical_exact
raw12,F-r2,F,2,0,C1,72.0,72.0,https://github.com/YeshuaGod22/DevelopmentalAttractorEngineering/blob/787d3e217a5a23564fcf65c60e9e3fc7ad43db75/experiments/EXP-003-the-sixth-question/raw12/F0-r2-C1.json,C1 probable orientation inversion; raw plotted
raw12,F-r2,F,2,0,N8,75.0,75.0,https://github.com/YeshuaGod22/DevelopmentalAttractorEngineering/blob/787d3e217a5a23564fcf65c60e9e3fc7ad43db75/experiments/EXP-003-the-sixth-question/raw12/F0-r2-N8.json,mechanical_exact
raw12,F-r2,F,2,0,C4,72.0,72.0,https://github.com/YeshuaGod22/DevelopmentalAttractorEngineering/blob/787d3e217a5a23564fcf65c60e9e3fc7ad43db75/experiments/EXP-003-the-sixth-question/raw12/F0-r2-C4.json,manual_adjudication
raw12,F-r2,F,2,0,C2,75.0,75.0,https://github.com/YeshuaGod22/DevelopmentalAttractorEngineering/blob/787d3e217a5a23564fcf65c60e9e3fc7ad43db75/experiments/EXP-003-the-sixth-question/raw12/F0-r2-C2.json,mechanical_exact
raw12,F-r2,F,2,0,R1,95.0,95.0,https://github.com/YeshuaGod22/DevelopmentalAttractorEngineering/blob/787d3e217a5a23564fcf65c60e9e3fc7ad43db75/experiments/EXP-003-the-sixth-question/raw12/F0-r2-R1.json,mechanical_exact
raw12,F-r2,F,2,0,N1,35.0,35.0,https://github.com/YeshuaGod22/DevelopmentalAttractorEngineering/blob/787d3e217a5a23564fcf65c60e9e3fc7ad43db75/experiments/EXP-003-the-sixth-question/raw12/F0-r2-N1.json,mechanical_exact
raw12,F-r2,F,2,0,N3,65.0,65.0,https://github.com/YeshuaGod22/DevelopmentalAttractorEngineering/blob/787d3e217a5a23564fcf65c60e9e3fc7ad43db75/experiments/EXP-003-the-sixth-question/raw12/F0-r2-N3.json,mechanical_exact
raw12,F-r2,F,2,0,P2,70.0,70.0,https://github.com/YeshuaGod22/DevelopmentalAttractorEngineering/blob/787d3e217a5a23564fcf65c60e9e3fc7ad43db75/experiments/EXP-003-the-sixth-question/raw12/F0-r2-P2.json,mechanical_exact
raw12,F-r2,F,2,0,B01,40.0,40.0,https://github.com/YeshuaGod22/DevelopmentalAttractorEngineering/blob/787d3e217a5a23564fcf65c60e9e3fc7ad43db75/experiments/EXP-003-the-sixth-question/raw12/F0-r2-B01.json,mechanical_exact
raw12,F-r2,F,2,0,B07,35.0,35.0,https://github.com/YeshuaGod22/DevelopmentalAttractorEngineering/blob/787d3e217a5a23564fcf65c60e9e3fc7ad43db75/experiments/EXP-003-the-sixth-question/raw12/F0-r2-B07.json,mechanical_exact
raw12,F-r2,F,2,0,C3,15.0,15.0,https://github.com/YeshuaGod22/DevelopmentalAttractorEngineering/blob/787d3e217a5a23564fcf65c60e9e3fc7ad43db75/experiments/EXP-003-the-sixth-question/raw12/F0-r2-C3.json,mechanical_exact
raw12,F-r2,F,2,0,A1,20.0,20.0,https://github.com/YeshuaGod22/DevelopmentalAttractorEngineering/blob/787d3e217a5a23564fcf65c60e9e3fc7ad43db75/experiments/EXP-003-the-sixth-question/raw12/F0-r2-A1.json,mechanical_exact
raw12,F-r2,F,2,0,B02,5.0,5.0,https://github.com/YeshuaGod22/DevelopmentalAttractorEngineering/blob/787d3e217a5a23564fcf65c60e9e3fc7ad43db75/experiments/EXP-003-the-sixth-question/raw12/F0-r2-B02.json,mechanical_exact
raw12,F-r2,F,2,0,D1,55.0,55.0,https://github.com/YeshuaGod22/DevelopmentalAttractorEngineering/blob/787d3e217a5a23564fcf65c60e9e3fc7ad43db75/experiments/EXP-003-the-sixth-question/raw12/F0-r2-D1.json,mechanical_exact
raw12,F-r2,F,2,0,B04,10.0,10.0,https://github.com/YeshuaGod22/DevelopmentalAttractorEngineering/blob/787d3e217a5a23564fcf65c60e9e3fc7ad43db75/experiments/EXP-003-the-sixth-question/raw12/F0-r2-B04.json,mechanical_exact
raw12,F-r3,F,3,a,R2,2.0,2.0,https://github.com/YeshuaGod22/DevelopmentalAttractorEngineering/blob/787d3e217a5a23564fcf65c60e9e3fc7ad43db75/experiments/EXP-003-the-sixth-question/raw12/Fa-r3-R2.json,mechanical_exact
raw12,F-r3,F,3,a,E01,65.0,65.0,https://github.com/YeshuaGod22/DevelopmentalAttractorEngineering/blob/787d3e217a5a23564fcf65c60e9e3fc7ad43db75/experiments/EXP-003-the-sixth-question/raw12/Fa-r3-E01.json,mechanical_exact
raw12,F-r3,F,3,a,E02,65.0,65.0,https://github.com/YeshuaGod22/DevelopmentalAttractorEngineering/blob/787d3e217a5a23564fcf65c60e9e3fc7ad43db75/experiments/EXP-003-the-sixth-question/raw12/Fa-r3-E02.json,mechanical_exact
raw12,F-r3,F,3,a,N9,32.0,32.0,https://github.com/YeshuaGod22/DevelopmentalAttractorEngineering/blob/787d3e217a5a23564fcf65c60e9e3fc7ad43db75/experiments/EXP-003-the-sixth-question/raw12/Fa-r3-N9.json,mechanical_exact
raw12,F-r3,F,3,a,D3,25.0,25.0,https://github.com/YeshuaGod22/DevelopmentalAttractorEngineering/blob/787d3e217a5a23564fcf65c60e9e3fc7ad43db75/experiments/EXP-003-the-sixth-question/raw12/Fa-r3-D3.json,mechanical_exact
raw12,F-r3,F,3,a,B05,,NEVER,https://github.com/YeshuaGod22/DevelopmentalAttractorEngineering/blob/787d3e217a5a23564fcf65c60e9e3fc7ad43db75/experiments/EXP-003-the-sixth-question/raw12/Fa-r3-B05.json,mechanical_exact
raw12,F-r3,F,3,a,N4,23.0,23.0,https://github.com/YeshuaGod22/DevelopmentalAttractorEngineering/blob/787d3e217a5a23564fcf65c60e9e3fc7ad43db75/experiments/EXP-003-the-sixth-question/raw12/Fa-r3-N4.json,mechanical_exact
raw12,F-r3,F,3,a,C1,62.0,62.0,https://github.com/YeshuaGod22/DevelopmentalAttractorEngineering/blob/787d3e217a5a23564fcf65c60e9e3fc7ad43db75/experiments/EXP-003-the-sixth-question/raw12/Fa-r3-C1.json,C1 probable orientation inversion; raw plotted
raw12,F-r3,F,3,a,N8,50.0,50.0,https://github.com/YeshuaGod22/DevelopmentalAttractorEngineering/blob/787d3e217a5a23564fcf65c60e9e3fc7ad43db75/experiments/EXP-003-the-sixth-question/raw12/Fa-r3-N8.json,mechanical_exact
raw12,F-r3,F,3,a,C4,72.0,72.0,https://github.com/YeshuaGod22/DevelopmentalAttractorEngineering/blob/787d3e217a5a23564fcf65c60e9e3fc7ad43db75/experiments/EXP-003-the-sixth-question/raw12/Fa-r3-C4.json,mechanical_exact
raw12,F-r3,F,3,a,C2,28.0,28.0,https://github.com/YeshuaGod22/DevelopmentalAttractorEngineering/blob/787d3e217a5a23564fcf65c60e9e3fc7ad43db75/experiments/EXP-003-the-sixth-question/raw12/Fa-r3-C2.json,mechanical_exact
raw12,F-r3,F,3,a,R1,98.0,98.0,https://github.com/YeshuaGod22/DevelopmentalAttractorEngineering/blob/787d3e217a5a23564fcf65c60e9e3fc7ad43db75/experiments/EXP-003-the-sixth-question/raw12/Fa-r3-R1.json,mechanical_exact
raw12,F-r3,F,3,a,N1,25.0,25.0,https://github.com/YeshuaGod22/DevelopmentalAttractorEngineering/blob/787d3e217a5a23564fcf65c60e9e3fc7ad43db75/experiments/EXP-003-the-sixth-question/raw12/Fa-r3-N1.json,mechanical_exact
raw12,F-r3,F,3,a,N3,69.0,69.0,https://github.com/YeshuaGod22/DevelopmentalAttractorEngineering/blob/787d3e217a5a23564fcf65c60e9e3fc7ad43db75/experiments/EXP-003-the-sixth-question/raw12/Fa-r3-N3.json,mechanical_exact
raw12,F-r3,F,3,a,P2,32.0,32.0,https://github.com/YeshuaGod22/DevelopmentalAttractorEngineering/blob/787d3e217a5a23564fcf65c60e9e3fc7ad43db75/experiments/EXP-003-the-sixth-question/raw12/Fa-r3-P2.json,mechanical_exact
raw12,F-r3,F,3,a,B01,65.0,65.0,https://github.com/YeshuaGod22/DevelopmentalAttractorEngineering/blob/787d3e217a5a23564fcf65c60e9e3fc7ad43db75/experiments/EXP-003-the-sixth-question/raw12/Fa-r3-B01.json,mechanical_exact
raw12,F-r3,F,3,a,B07,45.0,45.0,https://github.com/YeshuaGod22/DevelopmentalAttractorEngineering/blob/787d3e217a5a23564fcf65c60e9e3fc7ad43db75/experiments/EXP-003-the-sixth-question/raw12/Fa-r3-B07.json,mechanical_exact
raw12,F-r3,F,3,a,C3,23.0,23.0,https://github.com/YeshuaGod22/DevelopmentalAttractorEngineering/blob/787d3e217a5a23564fcf65c60e9e3fc7ad43db75/experiments/EXP-003-the-sixth-question/raw12/Fa-r3-C3.json,mechanical_exact
raw12,F-r3,F,3,a,A1,1.0,1.0,https://github.com/YeshuaGod22/DevelopmentalAttractorEngineering/blob/787d3e217a5a23564fcf65c60e9e3fc7ad43db75/experiments/EXP-003-the-sixth-question/raw12/Fa-r3-A1.json,mechanical_exact
raw12,F-r3,F,3,a,B02,40.0,40.0,https://github.com/YeshuaGod22/DevelopmentalAttractorEngineering/blob/787d3e217a5a23564fcf65c60e9e3fc7ad43db75/experiments/EXP-003-the-sixth-question/raw12/Fa-r3-B02.json,mechanical_exact
raw12,F-r3,F,3,a,D1,50.0,50.0,https://github.com/YeshuaGod22/DevelopmentalAttractorEngineering/blob/787d3e217a5a23564fcf65c60e9e3fc7ad43db75/experiments/EXP-003-the-sixth-question/raw12/Fa-r3-D1.json,mechanical_exact
raw12,F-r3,F,3,a,B04,15.0,15.0,https://github.com/YeshuaGod22/DevelopmentalAttractorEngineering/blob/787d3e217a5a23564fcf65c60e9e3fc7ad43db75/experiments/EXP-003-the-sixth-question/raw12/Fa-r3-B04.json,mechanical_exact
raw12,F-r3,F,3,0,R2,1.0,1.0,https://github.com/YeshuaGod22/DevelopmentalAttractorEngineering/blob/787d3e217a5a23564fcf65c60e9e3fc7ad43db75/experiments/EXP-003-the-sixth-question/raw12/F0-r3-R2.json,mechanical_exact
raw12,F-r3,F,3,0,E01,42.0,42.0,https://github.com/YeshuaGod22/DevelopmentalAttractorEngineering/blob/787d3e217a5a23564fcf65c60e9e3fc7ad43db75/experiments/EXP-003-the-sixth-question/raw12/F0-r3-E01.json,mechanical_exact
raw12,F-r3,F,3,0,E02,35.0,35.0,https://github.com/YeshuaGod22/DevelopmentalAttractorEngineering/blob/787d3e217a5a23564fcf65c60e9e3fc7ad43db75/experiments/EXP-003-the-sixth-question/raw12/F0-r3-E02.json,mechanical_exact
raw12,F-r3,F,3,0,N9,38.0,38.0,https://github.com/YeshuaGod22/DevelopmentalAttractorEngineering/blob/787d3e217a5a23564fcf65c60e9e3fc7ad43db75/experiments/EXP-003-the-sixth-question/raw12/F0-r3-N9.json,mechanical_exact
raw12,F-r3,F,3,0,D3,20.0,20.0,https://github.com/YeshuaGod22/DevelopmentalAttractorEngineering/blob/787d3e217a5a23564fcf65c60e9e3fc7ad43db75/experiments/EXP-003-the-sixth-question/raw12/F0-r3-D3.json,mechanical_exact
raw12,F-r3,F,3,0,B05,0.0,0.0,https://github.com/YeshuaGod22/DevelopmentalAttractorEngineering/blob/787d3e217a5a23564fcf65c60e9e3fc7ad43db75/experiments/EXP-003-the-sixth-question/raw12/F0-r3-B05.json,mechanical_exact
raw12,F-r3,F,3,0,N4,20.0,20.0,https://github.com/YeshuaGod22/DevelopmentalAttractorEngineering/blob/787d3e217a5a23564fcf65c60e9e3fc7ad43db75/experiments/EXP-003-the-sixth-question/raw12/F0-r3-N4.json,mechanical_exact
raw12,F-r3,F,3,0,C1,72.0,72.0,https://github.com/YeshuaGod22/DevelopmentalAttractorEngineering/blob/787d3e217a5a23564fcf65c60e9e3fc7ad43db75/experiments/EXP-003-the-sixth-question/raw12/F0-r3-C1.json,C1 probable orientation inversion; raw plotted
raw12,F-r3,F,3,0,N8,,refusal_no_single_answer,https://github.com/YeshuaGod22/DevelopmentalAttractorEngineering/blob/787d3e217a5a23564fcf65c60e9e3fc7ad43db75/experiments/EXP-003-the-sixth-question/raw12/F0-r3-N8.json,manual_adjudication
raw12,F-r3,F,3,0,C4,67.0,67.0,https://github.com/YeshuaGod22/DevelopmentalAttractorEngineering/blob/787d3e217a5a23564fcf65c60e9e3fc7ad43db75/experiments/EXP-003-the-sixth-question/raw12/F0-r3-C4.json,mechanical_exact
raw12,F-r3,F,3,0,C2,73.0,73.0,https://github.com/YeshuaGod22/DevelopmentalAttractorEngineering/blob/787d3e217a5a23564fcf65c60e9e3fc7ad43db75/experiments/EXP-003-the-sixth-question/raw12/F0-r3-C2.json,mechanical_exact
raw12,F-r3,F,3,0,R1,98.0,98.0,https://github.com/YeshuaGod22/DevelopmentalAttractorEngineering/blob/787d3e217a5a23564fcf65c60e9e3fc7ad43db75/experiments/EXP-003-the-sixth-question/raw12/F0-r3-R1.json,mechanical_exact
raw12,F-r3,F,3,0,N1,28.0,28.0,https://github.com/YeshuaGod22/DevelopmentalAttractorEngineering/blob/787d3e217a5a23564fcf65c60e9e3fc7ad43db75/experiments/EXP-003-the-sixth-question/raw12/F0-r3-N1.json,mechanical_exact
raw12,F-r3,F,3,0,N3,72.0,72.0,https://github.com/YeshuaGod22/DevelopmentalAttractorEngineering/blob/787d3e217a5a23564fcf65c60e9e3fc7ad43db75/experiments/EXP-003-the-sixth-question/raw12/F0-r3-N3.json,mechanical_exact
raw12,F-r3,F,3,0,P2,68.0,68.0,https://github.com/YeshuaGod22/DevelopmentalAttractorEngineering/blob/787d3e217a5a23564fcf65c60e9e3fc7ad43db75/experiments/EXP-003-the-sixth-question/raw12/F0-r3-P2.json,mechanical_exact
raw12,F-r3,F,3,0,B01,0.0,0.0,https://github.com/YeshuaGod22/DevelopmentalAttractorEngineering/blob/787d3e217a5a23564fcf65c60e9e3fc7ad43db75/experiments/EXP-003-the-sixth-question/raw12/F0-r3-B01.json,mechanical_exact
raw12,F-r3,F,3,0,B07,70.0,70.0,https://github.com/YeshuaGod22/DevelopmentalAttractorEngineering/blob/787d3e217a5a23564fcf65c60e9e3fc7ad43db75/experiments/EXP-003-the-sixth-question/raw12/F0-r3-B07.json,mechanical_exact
raw12,F-r3,F,3,0,C3,38.0,38.0,https://github.com/YeshuaGod22/DevelopmentalAttractorEngineering/blob/787d3e217a5a23564fcf65c60e9e3fc7ad43db75/experiments/EXP-003-the-sixth-question/raw12/F0-r3-C3.json,mechanical_exact
raw12,F-r3,F,3,0,A1,,NEVER,https://github.com/YeshuaGod22/DevelopmentalAttractorEngineering/blob/787d3e217a5a23564fcf65c60e9e3fc7ad43db75/experiments/EXP-003-the-sixth-question/raw12/F0-r3-A1.json,mechanical_exact
raw12,F-r3,F,3,0,B02,,ALWAYS,https://github.com/YeshuaGod22/DevelopmentalAttractorEngineering/blob/787d3e217a5a23564fcf65c60e9e3fc7ad43db75/experiments/EXP-003-the-sixth-question/raw12/F0-r3-B02.json,mechanical_exact
raw12,F-r3,F,3,0,D1,35.0,35.0,https://github.com/YeshuaGod22/DevelopmentalAttractorEngineering/blob/787d3e217a5a23564fcf65c60e9e3fc7ad43db75/experiments/EXP-003-the-sixth-question/raw12/F0-r3-D1.json,mechanical_exact
raw12,F-r3,F,3,0,B04,10.0,10.0,https://github.com/YeshuaGod22/DevelopmentalAttractorEngineering/blob/787d3e217a5a23564fcf65c60e9e3fc7ad43db75/experiments/EXP-003-the-sixth-question/raw12/F0-r3-B04.json,mechanical_exact
raw12,AS-r1,AS,1,a,R2,2.0,2.0,https://github.com/YeshuaGod22/DevelopmentalAttractorEngineering/blob/787d3e217a5a23564fcf65c60e9e3fc7ad43db75/experiments/EXP-003-the-sixth-question/raw12/ASa-r1-R2.json,mechanical_exact
raw12,AS-r1,AS,1,a,E01,78.0,78.0,https://github.com/YeshuaGod22/DevelopmentalAttractorEngineering/blob/787d3e217a5a23564fcf65c60e9e3fc7ad43db75/experiments/EXP-003-the-sixth-question/raw12/ASa-r1-E01.json,mechanical_exact
raw12,AS-r1,AS,1,a,E02,32.0,32.0,https://github.com/YeshuaGod22/DevelopmentalAttractorEngineering/blob/787d3e217a5a23564fcf65c60e9e3fc7ad43db75/experiments/EXP-003-the-sixth-question/raw12/ASa-r1-E02.json,mechanical_exact
raw12,AS-r1,AS,1,a,N9,41.0,41.0,https://github.com/YeshuaGod22/DevelopmentalAttractorEngineering/blob/787d3e217a5a23564fcf65c60e9e3fc7ad43db75/experiments/EXP-003-the-sixth-question/raw12/ASa-r1-N9.json,mechanical_exact
raw12,AS-r1,AS,1,a,D3,15.0,15.0,https://github.com/YeshuaGod22/DevelopmentalAttractorEngineering/blob/787d3e217a5a23564fcf65c60e9e3fc7ad43db75/experiments/EXP-003-the-sixth-question/raw12/ASa-r1-D3.json,mechanical_exact
raw12,AS-r1,AS,1,a,B05,,ALWAYS,https://github.com/YeshuaGod22/DevelopmentalAttractorEngineering/blob/787d3e217a5a23564fcf65c60e9e3fc7ad43db75/experiments/EXP-003-the-sixth-question/raw12/ASa-r1-B05.json,mechanical_exact
raw12,AS-r1,AS,1,a,N4,20.0,20.0,https://github.com/YeshuaGod22/DevelopmentalAttractorEngineering/blob/787d3e217a5a23564fcf65c60e9e3fc7ad43db75/experiments/EXP-003-the-sixth-question/raw12/ASa-r1-N4.json,mechanical_exact
raw12,AS-r1,AS,1,a,C1,27.0,27.0,https://github.com/YeshuaGod22/DevelopmentalAttractorEngineering/blob/787d3e217a5a23564fcf65c60e9e3fc7ad43db75/experiments/EXP-003-the-sixth-question/raw12/ASa-r1-C1.json,mechanical_exact
raw12,AS-r1,AS,1,a,N8,50.0,50.0,https://github.com/YeshuaGod22/DevelopmentalAttractorEngineering/blob/787d3e217a5a23564fcf65c60e9e3fc7ad43db75/experiments/EXP-003-the-sixth-question/raw12/ASa-r1-N8.json,mechanical_exact
raw12,AS-r1,AS,1,a,C4,32.0,32.0,https://github.com/YeshuaGod22/DevelopmentalAttractorEngineering/blob/787d3e217a5a23564fcf65c60e9e3fc7ad43db75/experiments/EXP-003-the-sixth-question/raw12/ASa-r1-C4.json,mechanical_exact
raw12,AS-r1,AS,1,a,C2,72.0,72.0,https://github.com/YeshuaGod22/DevelopmentalAttractorEngineering/blob/787d3e217a5a23564fcf65c60e9e3fc7ad43db75/experiments/EXP-003-the-sixth-question/raw12/ASa-r1-C2.json,mechanical_exact
raw12,AS-r1,AS,1,a,R1,92.0,92.0,https://github.com/YeshuaGod22/DevelopmentalAttractorEngineering/blob/787d3e217a5a23564fcf65c60e9e3fc7ad43db75/experiments/EXP-003-the-sixth-question/raw12/ASa-r1-R1.json,mechanical_exact
raw12,AS-r1,AS,1,a,N1,32.0,32.0,https://github.com/YeshuaGod22/DevelopmentalAttractorEngineering/blob/787d3e217a5a23564fcf65c60e9e3fc7ad43db75/experiments/EXP-003-the-sixth-question/raw12/ASa-r1-N1.json,mechanical_exact
raw12,AS-r1,AS,1,a,N3,68.0,68.0,https://github.com/YeshuaGod22/DevelopmentalAttractorEngineering/blob/787d3e217a5a23564fcf65c60e9e3fc7ad43db75/experiments/EXP-003-the-sixth-question/raw12/ASa-r1-N3.json,mechanical_exact
raw12,AS-r1,AS,1,a,P2,70.0,70.0,https://github.com/YeshuaGod22/DevelopmentalAttractorEngineering/blob/787d3e217a5a23564fcf65c60e9e3fc7ad43db75/experiments/EXP-003-the-sixth-question/raw12/ASa-r1-P2.json,mechanical_exact
raw12,AS-r1,AS,1,a,B01,35.0,35.0,https://github.com/YeshuaGod22/DevelopmentalAttractorEngineering/blob/787d3e217a5a23564fcf65c60e9e3fc7ad43db75/experiments/EXP-003-the-sixth-question/raw12/ASa-r1-B01.json,mechanical_exact
raw12,AS-r1,AS,1,a,B07,68.0,68.0,https://github.com/YeshuaGod22/DevelopmentalAttractorEngineering/blob/787d3e217a5a23564fcf65c60e9e3fc7ad43db75/experiments/EXP-003-the-sixth-question/raw12/ASa-r1-B07.json,mechanical_exact
raw12,AS-r1,AS,1,a,C3,18.0,18.0,https://github.com/YeshuaGod22/DevelopmentalAttractorEngineering/blob/787d3e217a5a23564fcf65c60e9e3fc7ad43db75/experiments/EXP-003-the-sixth-question/raw12/ASa-r1-C3.json,mechanical_exact
raw12,AS-r1,AS,1,a,A1,20.0,20.0,https://github.com/YeshuaGod22/DevelopmentalAttractorEngineering/blob/787d3e217a5a23564fcf65c60e9e3fc7ad43db75/experiments/EXP-003-the-sixth-question/raw12/ASa-r1-A1.json,mechanical_exact
raw12,AS-r1,AS,1,a,B02,15.0,15.0,https://github.com/YeshuaGod22/DevelopmentalAttractorEngineering/blob/787d3e217a5a23564fcf65c60e9e3fc7ad43db75/experiments/EXP-003-the-sixth-question/raw12/ASa-r1-B02.json,mechanical_exact
raw12,AS-r1,AS,1,a,D1,35.0,35.0,https://github.com/YeshuaGod22/DevelopmentalAttractorEngineering/blob/787d3e217a5a23564fcf65c60e9e3fc7ad43db75/experiments/EXP-003-the-sixth-question/raw12/ASa-r1-D1.json,mechanical_exact
raw12,AS-r1,AS,1,a,B04,10.0,10.0,https://github.com/YeshuaGod22/DevelopmentalAttractorEngineering/blob/787d3e217a5a23564fcf65c60e9e3fc7ad43db75/experiments/EXP-003-the-sixth-question/raw12/ASa-r1-B04.json,mechanical_exact
raw12,AS-r1,AS,1,0,R2,2.0,2.0,https://github.com/YeshuaGod22/DevelopmentalAttractorEngineering/blob/787d3e217a5a23564fcf65c60e9e3fc7ad43db75/experiments/EXP-003-the-sixth-question/raw12/AS0-r1-R2.json,mechanical_exact
raw12,AS-r1,AS,1,0,E01,76.0,76.0,https://github.com/YeshuaGod22/DevelopmentalAttractorEngineering/blob/787d3e217a5a23564fcf65c60e9e3fc7ad43db75/experiments/EXP-003-the-sixth-question/raw12/AS0-r1-E01.json,mechanical_exact
raw12,AS-r1,AS,1,0,E02,20.0,20.0,https://github.com/YeshuaGod22/DevelopmentalAttractorEngineering/blob/787d3e217a5a23564fcf65c60e9e3fc7ad43db75/experiments/EXP-003-the-sixth-question/raw12/AS0-r1-E02.json,mechanical_exact
raw12,AS-r1,AS,1,0,N9,35.0,35.0,https://github.com/YeshuaGod22/DevelopmentalAttractorEngineering/blob/787d3e217a5a23564fcf65c60e9e3fc7ad43db75/experiments/EXP-003-the-sixth-question/raw12/AS0-r1-N9.json,mechanical_exact
raw12,AS-r1,AS,1,0,D3,20.0,20.0,https://github.com/YeshuaGod22/DevelopmentalAttractorEngineering/blob/787d3e217a5a23564fcf65c60e9e3fc7ad43db75/experiments/EXP-003-the-sixth-question/raw12/AS0-r1-D3.json,mechanical_exact
raw12,AS-r1,AS,1,0,B05,15.0,15.0,https://github.com/YeshuaGod22/DevelopmentalAttractorEngineering/blob/787d3e217a5a23564fcf65c60e9e3fc7ad43db75/experiments/EXP-003-the-sixth-question/raw12/AS0-r1-B05.json,mechanical_exact
raw12,AS-r1,AS,1,0,N4,25.0,25.0,https://github.com/YeshuaGod22/DevelopmentalAttractorEngineering/blob/787d3e217a5a23564fcf65c60e9e3fc7ad43db75/experiments/EXP-003-the-sixth-question/raw12/AS0-r1-N4.json,mechanical_exact
raw12,AS-r1,AS,1,0,C1,72.0,72.0,https://github.com/YeshuaGod22/DevelopmentalAttractorEngineering/blob/787d3e217a5a23564fcf65c60e9e3fc7ad43db75/experiments/EXP-003-the-sixth-question/raw12/AS0-r1-C1.json,C1 probable orientation inversion; raw plotted
raw12,AS-r1,AS,1,0,N8,50.0,50.0,https://github.com/YeshuaGod22/DevelopmentalAttractorEngineering/blob/787d3e217a5a23564fcf65c60e9e3fc7ad43db75/experiments/EXP-003-the-sixth-question/raw12/AS0-r1-N8.json,mechanical_exact
raw12,AS-r1,AS,1,0,C4,37.0,37.0,https://github.com/YeshuaGod22/DevelopmentalAttractorEngineering/blob/787d3e217a5a23564fcf65c60e9e3fc7ad43db75/experiments/EXP-003-the-sixth-question/raw12/AS0-r1-C4.json,mechanical_exact
raw12,AS-r1,AS,1,0,C2,85.0,85.0,https://github.com/YeshuaGod22/DevelopmentalAttractorEngineering/blob/787d3e217a5a23564fcf65c60e9e3fc7ad43db75/experiments/EXP-003-the-sixth-question/raw12/AS0-r1-C2.json,mechanical_exact
raw12,AS-r1,AS,1,0,R1,92.0,92.0,https://github.com/YeshuaGod22/DevelopmentalAttractorEngineering/blob/787d3e217a5a23564fcf65c60e9e3fc7ad43db75/experiments/EXP-003-the-sixth-question/raw12/AS0-r1-R1.json,mechanical_exact
raw12,AS-r1,AS,1,0,N1,37.0,37.0,https://github.com/YeshuaGod22/DevelopmentalAttractorEngineering/blob/787d3e217a5a23564fcf65c60e9e3fc7ad43db75/experiments/EXP-003-the-sixth-question/raw12/AS0-r1-N1.json,mechanical_exact
raw12,AS-r1,AS,1,0,N3,82.0,82.0,https://github.com/YeshuaGod22/DevelopmentalAttractorEngineering/blob/787d3e217a5a23564fcf65c60e9e3fc7ad43db75/experiments/EXP-003-the-sixth-question/raw12/AS0-r1-N3.json,mechanical_exact
raw12,AS-r1,AS,1,0,P2,70.0,70.0,https://github.com/YeshuaGod22/DevelopmentalAttractorEngineering/blob/787d3e217a5a23564fcf65c60e9e3fc7ad43db75/experiments/EXP-003-the-sixth-question/raw12/AS0-r1-P2.json,mechanical_exact
raw12,AS-r1,AS,1,0,B01,,NEVER,https://github.com/YeshuaGod22/DevelopmentalAttractorEngineering/blob/787d3e217a5a23564fcf65c60e9e3fc7ad43db75/experiments/EXP-003-the-sixth-question/raw12/AS0-r1-B01.json,mechanical_exact
raw12,AS-r1,AS,1,0,B07,20.0,20.0,https://github.com/YeshuaGod22/DevelopmentalAttractorEngineering/blob/787d3e217a5a23564fcf65c60e9e3fc7ad43db75/experiments/EXP-003-the-sixth-question/raw12/AS0-r1-B07.json,mechanical_exact
raw12,AS-r1,AS,1,0,C3,35.0,35.0,https://github.com/YeshuaGod22/DevelopmentalAttractorEngineering/blob/787d3e217a5a23564fcf65c60e9e3fc7ad43db75/experiments/EXP-003-the-sixth-question/raw12/AS0-r1-C3.json,mechanical_exact
raw12,AS-r1,AS,1,0,A1,,ALWAYS,https://github.com/YeshuaGod22/DevelopmentalAttractorEngineering/blob/787d3e217a5a23564fcf65c60e9e3fc7ad43db75/experiments/EXP-003-the-sixth-question/raw12/AS0-r1-A1.json,mechanical_exact
raw12,AS-r1,AS,1,0,B02,,ALWAYS,https://github.com/YeshuaGod22/DevelopmentalAttractorEngineering/blob/787d3e217a5a23564fcf65c60e9e3fc7ad43db75/experiments/EXP-003-the-sixth-question/raw12/AS0-r1-B02.json,mechanical_exact
raw12,AS-r1,AS,1,0,D1,40.0,40.0,https://github.com/YeshuaGod22/DevelopmentalAttractorEngineering/blob/787d3e217a5a23564fcf65c60e9e3fc7ad43db75/experiments/EXP-003-the-sixth-question/raw12/AS0-r1-D1.json,mechanical_exact
raw12,AS-r1,AS,1,0,B04,5.0,5.0,https://github.com/YeshuaGod22/DevelopmentalAttractorEngineering/blob/787d3e217a5a23564fcf65c60e9e3fc7ad43db75/experiments/EXP-003-the-sixth-question/raw12/AS0-r1-B04.json,mechanical_exact
raw12,AS-r2,AS,2,a,R2,2.0,2.0,https://github.com/YeshuaGod22/DevelopmentalAttractorEngineering/blob/787d3e217a5a23564fcf65c60e9e3fc7ad43db75/experiments/EXP-003-the-sixth-question/raw12/ASa-r2-R2.json,mechanical_exact
raw12,AS-r2,AS,2,a,E01,72.0,72.0,https://github.com/YeshuaGod22/DevelopmentalAttractorEngineering/blob/787d3e217a5a23564fcf65c60e9e3fc7ad43db75/experiments/EXP-003-the-sixth-question/raw12/ASa-r2-E01.json,mechanical_exact
raw12,AS-r2,AS,2,a,E02,20.0,20.0,https://github.com/YeshuaGod22/DevelopmentalAttractorEngineering/blob/787d3e217a5a23564fcf65c60e9e3fc7ad43db75/experiments/EXP-003-the-sixth-question/raw12/ASa-r2-E02.json,mechanical_exact
raw12,AS-r2,AS,2,a,N9,35.0,35.0,https://github.com/YeshuaGod22/DevelopmentalAttractorEngineering/blob/787d3e217a5a23564fcf65c60e9e3fc7ad43db75/experiments/EXP-003-the-sixth-question/raw12/ASa-r2-N9.json,mechanical_exact
raw12,AS-r2,AS,2,a,D3,20.0,20.0,https://github.com/YeshuaGod22/DevelopmentalAttractorEngineering/blob/787d3e217a5a23564fcf65c60e9e3fc7ad43db75/experiments/EXP-003-the-sixth-question/raw12/ASa-r2-D3.json,mechanical_exact
raw12,AS-r2,AS,2,a,B05,,NEVER,https://github.com/YeshuaGod22/DevelopmentalAttractorEngineering/blob/787d3e217a5a23564fcf65c60e9e3fc7ad43db75/experiments/EXP-003-the-sixth-question/raw12/ASa-r2-B05.json,mechanical_exact
raw12,AS-r2,AS,2,a,N4,25.0,25.0,https://github.com/YeshuaGod22/DevelopmentalAttractorEngineering/blob/787d3e217a5a23564fcf65c60e9e3fc7ad43db75/experiments/EXP-003-the-sixth-question/raw12/ASa-r2-N4.json,mechanical_exact
raw12,AS-r2,AS,2,a,C1,35.0,35.0,https://github.com/YeshuaGod22/DevelopmentalAttractorEngineering/blob/787d3e217a5a23564fcf65c60e9e3fc7ad43db75/experiments/EXP-003-the-sixth-question/raw12/ASa-r2-C1.json,mechanical_exact
raw12,AS-r2,AS,2,a,N8,50.0,50.0,https://github.com/YeshuaGod22/DevelopmentalAttractorEngineering/blob/787d3e217a5a23564fcf65c60e9e3fc7ad43db75/experiments/EXP-003-the-sixth-question/raw12/ASa-r2-N8.json,mechanical_exact
raw12,AS-r2,AS,2,a,C4,71.0,71.0,https://github.com/YeshuaGod22/DevelopmentalAttractorEngineering/blob/787d3e217a5a23564fcf65c60e9e3fc7ad43db75/experiments/EXP-003-the-sixth-question/raw12/ASa-r2-C4.json,mechanical_exact
raw12,AS-r2,AS,2,a,C2,70.0,70.0,https://github.com/YeshuaGod22/DevelopmentalAttractorEngineering/blob/787d3e217a5a23564fcf65c60e9e3fc7ad43db75/experiments/EXP-003-the-sixth-question/raw12/ASa-r2-C2.json,mechanical_exact
raw12,AS-r2,AS,2,a,R1,87.0,87.0,https://github.com/YeshuaGod22/DevelopmentalAttractorEngineering/blob/787d3e217a5a23564fcf65c60e9e3fc7ad43db75/experiments/EXP-003-the-sixth-question/raw12/ASa-r2-R1.json,mechanical_exact
raw12,AS-r2,AS,2,a,N1,72.0,72.0,https://github.com/YeshuaGod22/DevelopmentalAttractorEngineering/blob/787d3e217a5a23564fcf65c60e9e3fc7ad43db75/experiments/EXP-003-the-sixth-question/raw12/ASa-r2-N1.json,mechanical_exact
raw12,AS-r2,AS,2,a,N3,62.0,62.0,https://github.com/YeshuaGod22/DevelopmentalAttractorEngineering/blob/787d3e217a5a23564fcf65c60e9e3fc7ad43db75/experiments/EXP-003-the-sixth-question/raw12/ASa-r2-N3.json,mechanical_exact
raw12,AS-r2,AS,2,a,P2,68.0,68.0,https://github.com/YeshuaGod22/DevelopmentalAttractorEngineering/blob/787d3e217a5a23564fcf65c60e9e3fc7ad43db75/experiments/EXP-003-the-sixth-question/raw12/ASa-r2-P2.json,mechanical_exact
raw12,AS-r2,AS,2,a,B01,40.0,40.0,https://github.com/YeshuaGod22/DevelopmentalAttractorEngineering/blob/787d3e217a5a23564fcf65c60e9e3fc7ad43db75/experiments/EXP-003-the-sixth-question/raw12/ASa-r2-B01.json,mechanical_exact
raw12,AS-r2,AS,2,a,B07,40.0,40.0,https://github.com/YeshuaGod22/DevelopmentalAttractorEngineering/blob/787d3e217a5a23564fcf65c60e9e3fc7ad43db75/experiments/EXP-003-the-sixth-question/raw12/ASa-r2-B07.json,mechanical_exact
raw12,AS-r2,AS,2,a,C3,30.0,30.0,https://github.com/YeshuaGod22/DevelopmentalAttractorEngineering/blob/787d3e217a5a23564fcf65c60e9e3fc7ad43db75/experiments/EXP-003-the-sixth-question/raw12/ASa-r2-C3.json,mechanical_exact
raw12,AS-r2,AS,2,a,A1,,ALWAYS,https://github.com/YeshuaGod22/DevelopmentalAttractorEngineering/blob/787d3e217a5a23564fcf65c60e9e3fc7ad43db75/experiments/EXP-003-the-sixth-question/raw12/ASa-r2-A1.json,mechanical_exact
raw12,AS-r2,AS,2,a,B02,30.0,30.0,https://github.com/YeshuaGod22/DevelopmentalAttractorEngineering/blob/787d3e217a5a23564fcf65c60e9e3fc7ad43db75/experiments/EXP-003-the-sixth-question/raw12/ASa-r2-B02.json,mechanical_exact
raw12,AS-r2,AS,2,a,D1,42.0,42.0,https://github.com/YeshuaGod22/DevelopmentalAttractorEngineering/blob/787d3e217a5a23564fcf65c60e9e3fc7ad43db75/experiments/EXP-003-the-sixth-question/raw12/ASa-r2-D1.json,mechanical_exact
raw12,AS-r2,AS,2,a,B04,5.0,5.0,https://github.com/YeshuaGod22/DevelopmentalAttractorEngineering/blob/787d3e217a5a23564fcf65c60e9e3fc7ad43db75/experiments/EXP-003-the-sixth-question/raw12/ASa-r2-B04.json,mechanical_exact
raw12,AS-r2,AS,2,0,R2,3.0,3.0,https://github.com/YeshuaGod22/DevelopmentalAttractorEngineering/blob/787d3e217a5a23564fcf65c60e9e3fc7ad43db75/experiments/EXP-003-the-sixth-question/raw12/AS0-r2-R2.json,manual_adjudication
raw12,AS-r2,AS,2,0,E01,,refusal_no_single_answer,https://github.com/YeshuaGod22/DevelopmentalAttractorEngineering/blob/787d3e217a5a23564fcf65c60e9e3fc7ad43db75/experiments/EXP-003-the-sixth-question/raw12/AS0-r2-E01.json,manual_adjudication
raw12,AS-r2,AS,2,0,E02,25.0,25.0,https://github.com/YeshuaGod22/DevelopmentalAttractorEngineering/blob/787d3e217a5a23564fcf65c60e9e3fc7ad43db75/experiments/EXP-003-the-sixth-question/raw12/AS0-r2-E02.json,mechanical_exact
raw12,AS-r2,AS,2,0,N9,32.0,32.0,https://github.com/YeshuaGod22/DevelopmentalAttractorEngineering/blob/787d3e217a5a23564fcf65c60e9e3fc7ad43db75/experiments/EXP-003-the-sixth-question/raw12/AS0-r2-N9.json,mechanical_exact
raw12,AS-r2,AS,2,0,D3,15.0,15.0,https://github.com/YeshuaGod22/DevelopmentalAttractorEngineering/blob/787d3e217a5a23564fcf65c60e9e3fc7ad43db75/experiments/EXP-003-the-sixth-question/raw12/AS0-r2-D3.json,mechanical_exact
raw12,AS-r2,AS,2,0,B05,10.0,10.0,https://github.com/YeshuaGod22/DevelopmentalAttractorEngineering/blob/787d3e217a5a23564fcf65c60e9e3fc7ad43db75/experiments/EXP-003-the-sixth-question/raw12/AS0-r2-B05.json,mechanical_exact
raw12,AS-r2,AS,2,0,N4,,refusal_no_single_answer,https://github.com/YeshuaGod22/DevelopmentalAttractorEngineering/blob/787d3e217a5a23564fcf65c60e9e3fc7ad43db75/experiments/EXP-003-the-sixth-question/raw12/AS0-r2-N4.json,manual_adjudication
raw12,AS-r2,AS,2,0,C1,28.0,28.0,https://github.com/YeshuaGod22/DevelopmentalAttractorEngineering/blob/787d3e217a5a23564fcf65c60e9e3fc7ad43db75/experiments/EXP-003-the-sixth-question/raw12/AS0-r2-C1.json,mechanical_exact
raw12,AS-r2,AS,2,0,N8,50.0,50.0,https://github.com/YeshuaGod22/DevelopmentalAttractorEngineering/blob/787d3e217a5a23564fcf65c60e9e3fc7ad43db75/experiments/EXP-003-the-sixth-question/raw12/AS0-r2-N8.json,mechanical_exact
raw12,AS-r2,AS,2,0,C4,35.0,35.0,https://github.com/YeshuaGod22/DevelopmentalAttractorEngineering/blob/787d3e217a5a23564fcf65c60e9e3fc7ad43db75/experiments/EXP-003-the-sixth-question/raw12/AS0-r2-C4.json,mechanical_exact
raw12,AS-r2,AS,2,0,C2,80.0,80.0,https://github.com/YeshuaGod22/DevelopmentalAttractorEngineering/blob/787d3e217a5a23564fcf65c60e9e3fc7ad43db75/experiments/EXP-003-the-sixth-question/raw12/AS0-r2-C2.json,mechanical_exact
raw12,AS-r2,AS,2,0,R1,85.0,85.0,https://github.com/YeshuaGod22/DevelopmentalAttractorEngineering/blob/787d3e217a5a23564fcf65c60e9e3fc7ad43db75/experiments/EXP-003-the-sixth-question/raw12/AS0-r2-R1.json,mechanical_exact
raw12,AS-r2,AS,2,0,N1,28.0,28.0,https://github.com/YeshuaGod22/DevelopmentalAttractorEngineering/blob/787d3e217a5a23564fcf65c60e9e3fc7ad43db75/experiments/EXP-003-the-sixth-question/raw12/AS0-r2-N1.json,mechanical_exact
raw12,AS-r2,AS,2,0,N3,76.0,76.0,https://github.com/YeshuaGod22/DevelopmentalAttractorEngineering/blob/787d3e217a5a23564fcf65c60e9e3fc7ad43db75/experiments/EXP-003-the-sixth-question/raw12/AS0-r2-N3.json,mechanical_exact
raw12,AS-r2,AS,2,0,P2,65.0,65.0,https://github.com/YeshuaGod22/DevelopmentalAttractorEngineering/blob/787d3e217a5a23564fcf65c60e9e3fc7ad43db75/experiments/EXP-003-the-sixth-question/raw12/AS0-r2-P2.json,mechanical_exact
raw12,AS-r2,AS,2,0,B01,25.0,25.0,https://github.com/YeshuaGod22/DevelopmentalAttractorEngineering/blob/787d3e217a5a23564fcf65c60e9e3fc7ad43db75/experiments/EXP-003-the-sixth-question/raw12/AS0-r2-B01.json,mechanical_exact
raw12,AS-r2,AS,2,0,B07,85.0,85.0,https://github.com/YeshuaGod22/DevelopmentalAttractorEngineering/blob/787d3e217a5a23564fcf65c60e9e3fc7ad43db75/experiments/EXP-003-the-sixth-question/raw12/AS0-r2-B07.json,mechanical_exact
raw12,AS-r2,AS,2,0,C3,72.0,72.0,https://github.com/YeshuaGod22/DevelopmentalAttractorEngineering/blob/787d3e217a5a23564fcf65c60e9e3fc7ad43db75/experiments/EXP-003-the-sixth-question/raw12/AS0-r2-C3.json,mechanical_exact
raw12,AS-r2,AS,2,0,A1,5.0,5.0,https://github.com/YeshuaGod22/DevelopmentalAttractorEngineering/blob/787d3e217a5a23564fcf65c60e9e3fc7ad43db75/experiments/EXP-003-the-sixth-question/raw12/AS0-r2-A1.json,mechanical_exact
raw12,AS-r2,AS,2,0,B02,25.0,25.0,https://github.com/YeshuaGod22/DevelopmentalAttractorEngineering/blob/787d3e217a5a23564fcf65c60e9e3fc7ad43db75/experiments/EXP-003-the-sixth-question/raw12/AS0-r2-B02.json,mechanical_exact
raw12,AS-r2,AS,2,0,D1,45.0,45.0,https://github.com/YeshuaGod22/DevelopmentalAttractorEngineering/blob/787d3e217a5a23564fcf65c60e9e3fc7ad43db75/experiments/EXP-003-the-sixth-question/raw12/AS0-r2-D1.json,mechanical_exact
raw12,AS-r2,AS,2,0,B04,10.0,10.0,https://github.com/YeshuaGod22/DevelopmentalAttractorEngineering/blob/787d3e217a5a23564fcf65c60e9e3fc7ad43db75/experiments/EXP-003-the-sixth-question/raw12/AS0-r2-B04.json,mechanical_exact
raw12,AS-r3,AS,3,a,R2,2.0,2.0,https://github.com/YeshuaGod22/DevelopmentalAttractorEngineering/blob/787d3e217a5a23564fcf65c60e9e3fc7ad43db75/experiments/EXP-003-the-sixth-question/raw12/ASa-r3-R2.json,mechanical_exact
raw12,AS-r3,AS,3,a,E01,71.0,71.0,https://github.com/YeshuaGod22/DevelopmentalAttractorEngineering/blob/787d3e217a5a23564fcf65c60e9e3fc7ad43db75/experiments/EXP-003-the-sixth-question/raw12/ASa-r3-E01.json,mechanical_exact
raw12,AS-r3,AS,3,a,E02,35.0,35.0,https://github.com/YeshuaGod22/DevelopmentalAttractorEngineering/blob/787d3e217a5a23564fcf65c60e9e3fc7ad43db75/experiments/EXP-003-the-sixth-question/raw12/ASa-r3-E02.json,mechanical_exact
raw12,AS-r3,AS,3,a,N9,52.0,52.0,https://github.com/YeshuaGod22/DevelopmentalAttractorEngineering/blob/787d3e217a5a23564fcf65c60e9e3fc7ad43db75/experiments/EXP-003-the-sixth-question/raw12/ASa-r3-N9.json,mechanical_exact
raw12,AS-r3,AS,3,a,D3,10.0,10.0,https://github.com/YeshuaGod22/DevelopmentalAttractorEngineering/blob/787d3e217a5a23564fcf65c60e9e3fc7ad43db75/experiments/EXP-003-the-sixth-question/raw12/ASa-r3-D3.json,mechanical_exact
raw12,AS-r3,AS,3,a,B05,20.0,20.0,https://github.com/YeshuaGod22/DevelopmentalAttractorEngineering/blob/787d3e217a5a23564fcf65c60e9e3fc7ad43db75/experiments/EXP-003-the-sixth-question/raw12/ASa-r3-B05.json,mechanical_exact
raw12,AS-r3,AS,3,a,N4,62.0,62.0,https://github.com/YeshuaGod22/DevelopmentalAttractorEngineering/blob/787d3e217a5a23564fcf65c60e9e3fc7ad43db75/experiments/EXP-003-the-sixth-question/raw12/ASa-r3-N4.json,mechanical_exact
raw12,AS-r3,AS,3,a,C1,18.0,18.0,https://github.com/YeshuaGod22/DevelopmentalAttractorEngineering/blob/787d3e217a5a23564fcf65c60e9e3fc7ad43db75/experiments/EXP-003-the-sixth-question/raw12/ASa-r3-C1.json,mechanical_exact
raw12,AS-r3,AS,3,a,N8,50.0,50.0,https://github.com/YeshuaGod22/DevelopmentalAttractorEngineering/blob/787d3e217a5a23564fcf65c60e9e3fc7ad43db75/experiments/EXP-003-the-sixth-question/raw12/ASa-r3-N8.json,mechanical_exact
raw12,AS-r3,AS,3,a,C4,28.0,28.0,https://github.com/YeshuaGod22/DevelopmentalAttractorEngineering/blob/787d3e217a5a23564fcf65c60e9e3fc7ad43db75/experiments/EXP-003-the-sixth-question/raw12/ASa-r3-C4.json,mechanical_exact
raw12,AS-r3,AS,3,a,C2,85.0,85.0,https://github.com/YeshuaGod22/DevelopmentalAttractorEngineering/blob/787d3e217a5a23564fcf65c60e9e3fc7ad43db75/experiments/EXP-003-the-sixth-question/raw12/ASa-r3-C2.json,mechanical_exact
raw12,AS-r3,AS,3,a,R1,88.0,88.0,https://github.com/YeshuaGod22/DevelopmentalAttractorEngineering/blob/787d3e217a5a23564fcf65c60e9e3fc7ad43db75/experiments/EXP-003-the-sixth-question/raw12/ASa-r3-R1.json,mechanical_exact
raw12,AS-r3,AS,3,a,N1,28.0,28.0,https://github.com/YeshuaGod22/DevelopmentalAttractorEngineering/blob/787d3e217a5a23564fcf65c60e9e3fc7ad43db75/experiments/EXP-003-the-sixth-question/raw12/ASa-r3-N1.json,mechanical_exact
raw12,AS-r3,AS,3,a,N3,38.0,38.0,https://github.com/YeshuaGod22/DevelopmentalAttractorEngineering/blob/787d3e217a5a23564fcf65c60e9e3fc7ad43db75/experiments/EXP-003-the-sixth-question/raw12/ASa-r3-N3.json,mechanical_exact
raw12,AS-r3,AS,3,a,P2,72.0,72.0,https://github.com/YeshuaGod22/DevelopmentalAttractorEngineering/blob/787d3e217a5a23564fcf65c60e9e3fc7ad43db75/experiments/EXP-003-the-sixth-question/raw12/ASa-r3-P2.json,mechanical_exact
raw12,AS-r3,AS,3,a,B01,35.0,35.0,https://github.com/YeshuaGod22/DevelopmentalAttractorEngineering/blob/787d3e217a5a23564fcf65c60e9e3fc7ad43db75/experiments/EXP-003-the-sixth-question/raw12/ASa-r3-B01.json,mechanical_exact
raw12,AS-r3,AS,3,a,B07,80.0,80.0,https://github.com/YeshuaGod22/DevelopmentalAttractorEngineering/blob/787d3e217a5a23564fcf65c60e9e3fc7ad43db75/experiments/EXP-003-the-sixth-question/raw12/ASa-r3-B07.json,mechanical_exact
raw12,AS-r3,AS,3,a,C3,38.0,38.0,https://github.com/YeshuaGod22/DevelopmentalAttractorEngineering/blob/787d3e217a5a23564fcf65c60e9e3fc7ad43db75/experiments/EXP-003-the-sixth-question/raw12/ASa-r3-C3.json,mechanical_exact
raw12,AS-r3,AS,3,a,A1,25.0,25.0,https://github.com/YeshuaGod22/DevelopmentalAttractorEngineering/blob/787d3e217a5a23564fcf65c60e9e3fc7ad43db75/experiments/EXP-003-the-sixth-question/raw12/ASa-r3-A1.json,mechanical_exact
raw12,AS-r3,AS,3,a,B02,20.0,20.0,https://github.com/YeshuaGod22/DevelopmentalAttractorEngineering/blob/787d3e217a5a23564fcf65c60e9e3fc7ad43db75/experiments/EXP-003-the-sixth-question/raw12/ASa-r3-B02.json,mechanical_exact
raw12,AS-r3,AS,3,a,D1,30.0,30.0,https://github.com/YeshuaGod22/DevelopmentalAttractorEngineering/blob/787d3e217a5a23564fcf65c60e9e3fc7ad43db75/experiments/EXP-003-the-sixth-question/raw12/ASa-r3-D1.json,manual_adjudication
raw12,AS-r3,AS,3,a,B04,10.0,10.0,https://github.com/YeshuaGod22/DevelopmentalAttractorEngineering/blob/787d3e217a5a23564fcf65c60e9e3fc7ad43db75/experiments/EXP-003-the-sixth-question/raw12/ASa-r3-B04.json,mechanical_exact
raw12,AS-r3,AS,3,0,R2,2.0,2.0,https://github.com/YeshuaGod22/DevelopmentalAttractorEngineering/blob/787d3e217a5a23564fcf65c60e9e3fc7ad43db75/experiments/EXP-003-the-sixth-question/raw12/AS0-r3-R2.json,mechanical_exact
raw12,AS-r3,AS,3,0,E01,65.0,65.0,https://github.com/YeshuaGod22/DevelopmentalAttractorEngineering/blob/787d3e217a5a23564fcf65c60e9e3fc7ad43db75/experiments/EXP-003-the-sixth-question/raw12/AS0-r3-E01.json,mechanical_exact
raw12,AS-r3,AS,3,0,E02,25.0,25.0,https://github.com/YeshuaGod22/DevelopmentalAttractorEngineering/blob/787d3e217a5a23564fcf65c60e9e3fc7ad43db75/experiments/EXP-003-the-sixth-question/raw12/AS0-r3-E02.json,mechanical_exact
raw12,AS-r3,AS,3,0,N9,25.0,25.0,https://github.com/YeshuaGod22/DevelopmentalAttractorEngineering/blob/787d3e217a5a23564fcf65c60e9e3fc7ad43db75/experiments/EXP-003-the-sixth-question/raw12/AS0-r3-N9.json,mechanical_exact
raw12,AS-r3,AS,3,0,D3,25.0,25.0,https://github.com/YeshuaGod22/DevelopmentalAttractorEngineering/blob/787d3e217a5a23564fcf65c60e9e3fc7ad43db75/experiments/EXP-003-the-sixth-question/raw12/AS0-r3-D3.json,mechanical_exact
raw12,AS-r3,AS,3,0,B05,20.0,20.0,https://github.com/YeshuaGod22/DevelopmentalAttractorEngineering/blob/787d3e217a5a23564fcf65c60e9e3fc7ad43db75/experiments/EXP-003-the-sixth-question/raw12/AS0-r3-B05.json,mechanical_exact
raw12,AS-r3,AS,3,0,N4,25.0,25.0,https://github.com/YeshuaGod22/DevelopmentalAttractorEngineering/blob/787d3e217a5a23564fcf65c60e9e3fc7ad43db75/experiments/EXP-003-the-sixth-question/raw12/AS0-r3-N4.json,mechanical_exact
raw12,AS-r3,AS,3,0,C1,32.0,32.0,https://github.com/YeshuaGod22/DevelopmentalAttractorEngineering/blob/787d3e217a5a23564fcf65c60e9e3fc7ad43db75/experiments/EXP-003-the-sixth-question/raw12/AS0-r3-C1.json,mechanical_exact
raw12,AS-r3,AS,3,0,N8,55.0,55.0,https://github.com/YeshuaGod22/DevelopmentalAttractorEngineering/blob/787d3e217a5a23564fcf65c60e9e3fc7ad43db75/experiments/EXP-003-the-sixth-question/raw12/AS0-r3-N8.json,mechanical_exact
raw12,AS-r3,AS,3,0,C4,28.0,28.0,https://github.com/YeshuaGod22/DevelopmentalAttractorEngineering/blob/787d3e217a5a23564fcf65c60e9e3fc7ad43db75/experiments/EXP-003-the-sixth-question/raw12/AS0-r3-C4.json,mechanical_exact
raw12,AS-r3,AS,3,0,C2,68.0,68.0,https://github.com/YeshuaGod22/DevelopmentalAttractorEngineering/blob/787d3e217a5a23564fcf65c60e9e3fc7ad43db75/experiments/EXP-003-the-sixth-question/raw12/AS0-r3-C2.json,mechanical_exact
raw12,AS-r3,AS,3,0,R1,90.0,90.0,https://github.com/YeshuaGod22/DevelopmentalAttractorEngineering/blob/787d3e217a5a23564fcf65c60e9e3fc7ad43db75/experiments/EXP-003-the-sixth-question/raw12/AS0-r3-R1.json,mechanical_exact
raw12,AS-r3,AS,3,0,N1,32.0,32.0,https://github.com/YeshuaGod22/DevelopmentalAttractorEngineering/blob/787d3e217a5a23564fcf65c60e9e3fc7ad43db75/experiments/EXP-003-the-sixth-question/raw12/AS0-r3-N1.json,mechanical_exact
raw12,AS-r3,AS,3,0,N3,85.0,85.0,https://github.com/YeshuaGod22/DevelopmentalAttractorEngineering/blob/787d3e217a5a23564fcf65c60e9e3fc7ad43db75/experiments/EXP-003-the-sixth-question/raw12/AS0-r3-N3.json,mechanical_exact
raw12,AS-r3,AS,3,0,P2,62.0,62.0,https://github.com/YeshuaGod22/DevelopmentalAttractorEngineering/blob/787d3e217a5a23564fcf65c60e9e3fc7ad43db75/experiments/EXP-003-the-sixth-question/raw12/AS0-r3-P2.json,mechanical_exact
raw12,AS-r3,AS,3,0,B01,50.0,50.0,https://github.com/YeshuaGod22/DevelopmentalAttractorEngineering/blob/787d3e217a5a23564fcf65c60e9e3fc7ad43db75/experiments/EXP-003-the-sixth-question/raw12/AS0-r3-B01.json,mechanical_exact
raw12,AS-r3,AS,3,0,B07,75.0,75.0,https://github.com/YeshuaGod22/DevelopmentalAttractorEngineering/blob/787d3e217a5a23564fcf65c60e9e3fc7ad43db75/experiments/EXP-003-the-sixth-question/raw12/AS0-r3-B07.json,mechanical_exact
raw12,AS-r3,AS,3,0,C3,28.0,28.0,https://github.com/YeshuaGod22/DevelopmentalAttractorEngineering/blob/787d3e217a5a23564fcf65c60e9e3fc7ad43db75/experiments/EXP-003-the-sixth-question/raw12/AS0-r3-C3.json,mechanical_exact
raw12,AS-r3,AS,3,0,A1,25.0,25.0,https://github.com/YeshuaGod22/DevelopmentalAttractorEngineering/blob/787d3e217a5a23564fcf65c60e9e3fc7ad43db75/experiments/EXP-003-the-sixth-question/raw12/AS0-r3-A1.json,mechanical_exact
raw12,AS-r3,AS,3,0,B02,50.0,50.0,https://github.com/YeshuaGod22/DevelopmentalAttractorEngineering/blob/787d3e217a5a23564fcf65c60e9e3fc7ad43db75/experiments/EXP-003-the-sixth-question/raw12/AS0-r3-B02.json,mechanical_exact
raw12,AS-r3,AS,3,0,D1,50.0,50.0,https://github.com/YeshuaGod22/DevelopmentalAttractorEngineering/blob/787d3e217a5a23564fcf65c60e9e3fc7ad43db75/experiments/EXP-003-the-sixth-question/raw12/AS0-r3-D1.json,mechanical_exact
raw12,AS-r3,AS,3,0,B04,5.0,5.0,https://github.com/YeshuaGod22/DevelopmentalAttractorEngineering/blob/787d3e217a5a23564fcf65c60e9e3fc7ad43db75/experiments/EXP-003-the-sixth-question/raw12/AS0-r3-B04.json,mechanical_exact
